,2016-10-14,2016-11-14,2016-12-14,2017-01-14,2017-02-14,2017-03-14,2017-04-14,2017-05-14,2017-06-14,2017-07-14,2017-08-14,2017-09-14,2017-10-14,2017-11-14,2017-12-14,2018-01-14,2018-02-14,2018-03-14,2018-04-14,2018-05-14,2018-06-14,2018-07-14,2018-08-14,2018-09-14,2018-10-14,2018-11-14,2018-12-14,2019-01-14,2019-02-14,2019-03-14,2019-04-14,2019-05-14,2019-06-14,2019-07-14,2019-08-14,2019-09-14,2019-10-14,2019-11-14,2019-12-14,2020-01-14,2020-02-14,2020-03-14,2020-04-14,2020-05-14,2020-06-14,2020-07-14,2020-08-14,2020-09-14,2020-10-14,2020-11-14,2020-12-14,2021-01-14,2021-02-14,2021-03-14,2021-04-14,2021-05-14,2021-06-14,2021-07-14,2021-08-14,2021-09-14,2021-10-14,2021-11-14,2021-12-14,2022-01-14,2022-02-14,2022-03-14,2022-04-14,2022-05-14,2022-06-14,2022-07-14,2022-08-14,2022-09-14,2022-10-14,2022-11-14,2022-12-14,2023-01-14,2023-02-14,2023-03-14,2023-04-14,2023-05-14,2023-06-14,2023-07-14,2023-08-14,2023-09-14
갓노,0.0,0.0,0.0,0.0,0.0,0.0,0.0,0.0,0.0,0.0,0.0,0.0,0.0,0.0,0.0,0.0,0.0,0.0,0.0,0.0,0.0,0.0,0.0,0.0,0.0,0.0,0.0,0.0,0.0,0.0,0.0,0.0,0.0,0.0,0.0,0.0,0.0,0.0,0.0,0.0,0.0,0.0,0.0,0.0,0.0,0.0,0.0,0.0,0.0,0.0,0.0,0.0,0.0,0.0,0.0,0.0,0.0,0.0,0.0,0.0,0.0,0.0,0.0,0.0,0.0,0.0,0.0,0.0,0.0,0.0,0.0,0.0,0.0,0.0,0.0,0.0,0.0,0.0,0.0,23.23232323232323,19.191919191919187,19.191919191919187,19.191919191919187,19.191919191919187
거북유방,0.0,0.0,0.0,0.0,0.0,0.0,0.0,0.0,0.0,0.0,0.0,0.0,0.0,0.0,0.0,0.0,0.0,0.0,0.0,0.0,0.0,0.0,0.0,0.0,0.0,0.0,0.0,0.0,0.0,0.0,0.0,0.0,0.0,0.0,0.0,0.0,0.0,0.0,0.0,0.0,0.0,0.0,0.0,0.0,0.0,0.0,0.0,0.0,0.0,0.0,0.0,0.0,0.0,0.0,0.0,0.0,0.0,0.0,0.0,0.0,0.0,0.0,0.0,0.0,0.0,0.0,0.0,0.0,0.0,5.9668508287292825,10.276243093922654,4.25414364640884,9.88950276243094,4.25414364640884,8.56353591160221,4.25414364640884,2.099447513812155,4.25414364640884,4.25414364640884,6.408839779005526,2.9834254143646413,2.099447513812155,8.121546961325969,22.32044198895028
검수완박,0.0,0.0,0.0,0.0,0.0,0.0,0.0,0.0,0.0,0.0,0.0,0.0,0.0,0.0,0.0,0.0,0.0,0.0,0.0,0.0,0.0,0.0,0.0,0.0,0.0,0.0,0.0,0.0,0.0,0.0,0.0,0.0,0.0,0.0,0.0,0.0,0.0,0.0,0.0,0.0,0.0,0.0,0.0,0.0,0.0,0.0,0.0,0.0,0.0026540560170632502,0.002119834891573003,0.03158724484547654,0.0973248592980903,0.07002843306692372,0.8684787371467251,0.193683574007528,0.3260056002286921,0.12457581990155558,0.13974997314686366,0.12984414951144344,0.15315665011528382,0.08918651193955801,0.04498823861043402,0.025438018698876037,0.03132013428273142,0.022340672811725134,0.8049064232133857,56.83203462662206,20.89593429307485,2.691889102514193,1.616098469456476,1.58410771716515,1.557697870674159,0.9713390366174486,1.5090325994233826,0.4032460184897342,0.3776772861112169,0.3941756257633254,5.217214877944682,1.0098711560942981,0.36900471762719445,0.2562385945210509,0.2959641867250597,0.6814729272078253,0.17961196223397638
과천자,0.0,0.0,0.0,0.0,0.0,0.0,0.0,0.0,0.0,0.0,0.0,0.0,0.0,0.0,0.0,0.0,0.0,0.0,0.0,0.0,0.0,0.0,0.0,0.0,0.0,0.0,0.0,0.0,0.0,0.0,0.0,0.0,0.0,0.0,0.0,0.0,0.0,0.0,0.0,0.0,0.0,0.0,0.0,0.0,0.0,0.0,0.0,0.0,0.0,0.0,0.0,0.0,0.0,0.0,0.0,0.0,0.0,0.0,0.0,0.0,0.0,0.0,0.0,0.0,0.0,0.0,0.0,0.0,0.0,0.0,0.0,23.33400442923294,1.7112945439903364,1.4093013891685124,8.616871350916048,23.978256492852836,1.5502315280853636,1.8723575598953095,5.939198711495874,0.765049325548621,14.093013891685125,14.254076907590097,0.765049325548621,1.7112945439903364
국힘,0.0,0.0,0.0,0.0,0.0,0.0,0.0,0.0,0.0,0.0,0.0,0.0,0.0,0.0,0.0,0.0,0.0,0.0,0.0,0.0,0.0,0.0,0.0,0.0,0.0,0.0,0.0,0.0,0.0,0.0,0.0,0.0,0.0,0.0,0.0,0.0,0.0,0.0,0.0,0.0,0.0,0.0,0.0,0.0,0.0,0.0,0.08452267870651156,0.7548749581029826,0.2701281220730048,0.24336702317219708,0.49190079316187685,0.49190079316187685,0.4495069731209933,0.787862649322295,1.72423614947531,0.9012661179316585,2.090280289390814,1.8417465194011342,1.9542226231971032,2.5348854770695803,4.443667224410362,11.878218452705056,4.008468165553166,4.395311773426229,3.1494633869747637,7.136469681132233,3.0030722271460872,3.5402814154766595,4.816997802145392,2.836014080047481,5.054270713686712,3.0164527765964917,2.1945425905538616,1.9408420737466994,1.987210314416416,2.010924357501785,3.1628439364251677,5.2543165520046315,2.16566180065101,2.0717329931229274,1.6572009215356631,2.07689973994041,2.2058034490022216,1.3726324045112321
국힘원탑,0.0,0.0,0.0,0.0,0.0,0.0,0.0,0.0,0.0,0.0,0.0,0.0,0.0,0.0,0.0,0.0,0.0,0.0,0.0,0.0,0.0,0.0,0.0,0.0,0.0,0.0,0.0,0.0,0.0,0.0,0.0,0.0,0.0,0.0,0.0,0.0,0.0,0.0,0.0,0.0,0.0,0.0,0.0,0.0,0.0,0.0,0.0,0.0,0.0,0.0,0.0,0.0,0.0,0.0,0.0,0.0,0.0,0.0,0.0,0.0,0.0,0.0,0.0,0.0,0.0,0.0,0.0,0.0,0.0,0.5342622208424356,0.4452280113129839,19.323271651177297,38.37944067376623,24.666121714264552,3.0275618696614366,1.7809120452519356,5.788078074400244,1.1576156148800487,0.5342622208424356,0.5342622208424356,1.3356840339389517,0.4452280113129839,1.1576156148800487,0.8904560226259678
군캉스,0.0,0.0,0.0,0.0,0.0,0.0,0.0,0.0,0.0,0.0,0.0,0.0,0.0,0.0,0.0,0.0,0.0,0.0,0.0,0.0,0.0,0.0,0.0,0.0,0.0,0.0,0.0,0.0,0.0,0.0,0.022496733282057514,0.746905360767758,0.08998693312823006,0.09898735341648413,0.08548816213029557,0.22497021111296026,0.1619787822647222,0.09898735341648413,0.11698531570060718,0.10348612441441862,0.05399100855998398,0.09448570412616454,0.40494695566180544,0.6299200450671508,0.2429681733970833,0.3509559471018215,0.2654649066791408,0.2654649066791408,1.1158592701537025,0.4544420715162401,0.36895390938594447,0.8863874097504226,0.7154110854898315,0.773903743340135,6.447697311404352,4.256470588370743,2.353205505298332,2.9516312750875557,2.6546692148381035,4.265468130366612,2.3307087720162745,1.583800532956131,1.3993250174093514,2.9966276199440562,1.8852642424959032,4.845895937871713,7.172108817182438,11.973011288490037,7.635551308986932,3.1586064022087785,2.6546692148381035,2.2317214185997902,2.074241407333002,1.4353209419775976,1.4083225594052202,2.5106855165651196,1.4983123708258357,1.3453311305569824,1.1968486612860638,1.8267715846455996,1.9257589380620836,2.0472430247606255,1.1338572324378255,0.4274465672362481
근처공장,0.0,0.0,0.0,0.0,0.0,0.0,0.0,0.0,0.0,0.0,0.0,0.0,0.0,0.0,0.0,0.0,0.0,0.0,0.0,0.0,0.0,0.0,0.0,0.0,0.0,0.0,0.0,0.0,0.0,0.0,0.0,0.0,0.0,0.0,0.0,0.0,0.0,0.0,0.0,0.0,0.0,0.0,0.0,0.0,0.0,0.0,0.0,0.0,0.0,0.0,0.0,0.0,0.0,0.0,0.0,0.0,0.0,0.0,0.0,0.0,0.0,0.0,0.0,0.0,0.0,0.0,0.0,0.0,0.0,0.0,0.0,0.0,0.0,0.0,0.0,8.107921194360157,8.107921194360157,17.567882984517233,13.513490149295018,6.756745074647509,13.513490149295018,17.567882984517233,8.107921194360157,6.756745074647509
꽈추,0.0,0.0,0.0,0.0,0.0,0.0,0.0,0.0,0.0,0.0,0.0,0.0,0.0,0.0,0.0,0.0,0.0,0.0,0.0,0.0,0.0,0.0,0.0,0.0,0.0,0.0,0.0,0.0,0.0,0.0,0.0,0.0,0.0,0.0,0.0,0.0,0.0,0.0,0.0,0.0,0.0,0.0,0.0,0.0,0.0,0.0,0.0,0.0,0.0,0.0,0.0,0.0,0.0,0.0,0.0,0.0,0.0,0.0,0.0,0.0,1.6811376463328427,0.5241998581887768,0.4595414565607146,0.9837427919805087,2.057546450162901,1.764270299063499,1.6557351817590216,1.8450940397140858,4.955662462107732,3.37613171960814,4.960280286267872,6.553667455709918,6.687605037588218,4.521521992889822,4.860982294514691,5.43367816977104,7.010900000190562,3.6440054061337204,3.30916292866899,14.77231017319219,7.856087386132633,4.75244865444123,4.733974403338637,1.6003139056822564
노엘형,0.0,0.0,0.0,0.0,0.0,0.0,0.0,0.0,0.0,0.0,0.0,0.0,0.0,0.0,0.0,0.0,0.0,0.0,0.0,0.0,0.0,0.0,0.0,0.0,0.0,0.0,0.0,0.0,0.0,0.0,0.0,0.0,0.0,0.0,0.0,0.0,0.0,0.0,0.0,0.0,0.0,0.0,0.0,0.0,0.0,0.0,0.0,0.0,0.0,0.0,0.0,0.0,0.0,0.0,0.0,0.0,0.0,0.0,0.0,0.0,0.0,0.0,0.0,0.0,0.0,0.0,0.0,0.0,0.0,0.0,0.0,0.0,0.0,0.0,0.0,0.0,0.0,0.0,0.0,4.255174353716189,68.7946319199325,13.475096863175661,4.255174353716189,9.219922509459472
누칼협,0.0,0.0,0.0,0.0,0.0,0.0,0.0,0.0,0.0,0.0,0.0,0.0,0.0,0.0,0.0,0.0,0.0,0.0,0.0,0.0,0.0,0.0,0.0,0.0,0.0,0.0,0.0,0.0,0.0,0.0,0.0,0.0,0.0,0.0,0.0,0.0,0.0,0.0,0.0,0.0,0.0,0.0,0.0,0.0,0.0,0.0,0.0,0.0,0.0,0.0,0.0,0.0,0.0,0.0,0.0,0.0,0.0,0.0,0.0,0.0,0.0,0.0026606269048515797,0.09530391186915108,0.2864464223620985,0.10009688235839635,0.05164529757967318,0.027153762671535797,0.03407427416953422,0.013842623854543688,0.07134546285711213,7.020094504763283,16.008585468421057,12.014824398384151,7.882632287226168,11.107030344802038,8.787231027148785,5.94245576279541,7.072804373276606,4.51234638941803,5.961089756280652,3.7365959513550955,4.702424328977328,3.2680566718653483,1.3012594706591525
대깨윤,0.0,0.0,0.0,0.0,0.0,0.0,0.0,0.0,0.0,0.0,0.0,0.0,0.0,0.0,0.0,0.0,0.0,0.0,0.0,0.0,0.0,0.0,0.0,0.0,0.0,0.0,0.0,0.0,0.0,0.0,0.0,0.0,0.0,0.0,0.0,0.0,0.0,0.0,0.0,0.0,0.0,0.0,0.0,0.1573627600827154,0.08654833504474109,0.055080515031207554,0.2517898801383638,0.039322945009393026,0.1495076350868559,0.10228224505150785,0.4485229052605677,0.10228224505150785,0.047201730020300287,0.5901754153515641,0.11016103006241511,0.10228224505150785,0.6452559303827717,2.9036753467375203,6.0119861636232,6.641508183999205,5.201465028131758,5.15423963809641,5.4926251733096105,6.6336293989882975,5.500480298305471,17.060195810284537,3.163367671901839,5.579173508354351,3.6591159671977556,4.627023522786961,4.021090537413582,3.3286092169954618,2.132524476285567,2.014484661212245,1.6288973959787438,1.5738168809475361,0.8341101704940684,0.91280338054295,0.4800143852891491,0.692457660403072,0.6059093253583309,0.4485229052605677,0.6059093253583309,0.2045881501180635
대해서도,0.0,0.0,0.0,0.0,0.0,0.0,0.0,0.0,0.0,0.0,0.0,0.0,0.0,0.0,0.0,0.0,0.0,0.0,0.0,0.0,0.0,0.0,0.0,0.0,0.0,0.0,0.0,0.0,0.0,0.0,0.0,0.0,0.0,0.0,0.0,0.0,0.0,0.0,0.0,0.0,0.0,0.0,0.0,0.0,0.0,0.0,0.0,0.0,0.0,0.0,0.0,0.0,0.0,0.0,0.0,0.0,0.0,0.0,0.0,0.0,0.0,0.0,0.0,0.0,0.0,0.0,0.0,0.0,0.0,0.0,0.0,0.0,0.0,0.0,0.0,0.0,0.0,0.0,0.0,0.0,25.0,25.0,25.0,25.0
데뎃,0.0,0.0,0.0,0.0,0.0,0.0,0.0,0.0,0.0,0.0,0.0,0.0,0.0,0.0,0.0,0.0,0.0,0.0,0.0,0.0,0.0,0.0,0.0,0.0,0.0,0.0,0.0,0.0,0.0,0.0,0.0,0.0,0.0,0.0,0.0,0.0,0.0,0.0,0.0,0.0,0.0,0.0,0.0,0.0,0.0,0.0,0.0,0.0,0.0,0.0,0.0,0.0,0.0,0.0,0.0,0.0,0.0,0.0,0.0,0.0,0.0,0.0,0.0,0.0,0.0,3.717077315208156,1.8579796986093098,3.717077315208156,1.8579796986093098,10.782319009077494,2.2302463891248934,2.2302463891248934,1.8579796986093098,1.8579796986093098,1.8579796986093098,1.8579796986093098,1.8579796986093098,1.8579796986093098,25.653982023878726,24.910566560837093,5.576174931807002,2.2302463891248934,2.2302463891248934,1.8579796986093098
동점골,0.0,0.0,0.0,0.0,0.0,0.0,0.0,0.0,0.0,0.0,0.0,0.0,0.0,0.0,0.0,0.0,0.0,0.0,0.0,0.0,0.0,0.0,0.0,0.0,0.0,0.0,0.0,0.0,0.0,0.0,0.0,0.0,0.0,0.0,0.0,0.0,0.0,0.0,0.0,0.6816722773873205,2.7579960922176987,1.115590784193328,0.4027978752249024,0.15485775355627757,0.30980868265621114,0.15485775355627757,0.34083613869366025,0.5268145238310429,0.557748804324836,1.7353945005930622,1.146525064687121,2.6340726191552144,0.4027978752249024,0.34083613869366025,0.34083613869366025,1.5494161154556796,0.15485775355627757,0.15485775355627757,8.18109225962806,0.18588520959372667,0.30980868265621114,0.15485775355627757,0.278874402162418,0.49578706779359377,0.15485775355627757,0.15485775355627757,0.15485775355627757,0.7126997334247696,0.15485775355627757,0.37186359473110936,2.572110882623972,0.4647596117561447,4.7413307144793855,0.49578706779359377,0.21691266563117576,0.18588520959372667,9.575650621527464,49.73775743238018,0.4338253312623515,2.4791216900552806,0.557748804324836,0.5268145238310429,1.0845633281558789,0.15485775355627757
뒷세대,0.0,0.0,0.0,0.0,0.0,0.0,0.0,0.0,0.0,0.0,0.0,0.0,0.0,0.0,0.0,0.0,0.0,0.0,0.0,0.0,0.0,0.0,0.0,0.0,0.0,0.0,0.0,0.0,0.0,0.0,0.0,0.0,0.0,0.0,0.0,0.0,0.0,0.0,0.0,0.0,0.0,0.0,0.0,0.0,0.0,0.0,0.0,0.0,0.0,0.0,0.0,0.0,0.0,0.0,0.0,0.0,0.0,0.0,0.0,0.0,0.0,0.0,0.0,0.0,0.0,0.0,0.0,0.0,0.0,0.0,0.0,0.0,0.0,0.0,0.0,0.0,0.0,0.0,0.0,0.0,28.570993737301485,23.80966875423284,23.80966875423284,23.80966875423284
땀병,0.0,0.0,0.0,0.0,0.0,0.0,0.0,0.0,0.0,0.0,0.0,0.0,0.0,0.0,0.0,0.0,0.0,0.0,0.0,0.0,0.0,0.0,0.0,0.0,0.0,0.0,0.0,0.0,0.0,0.0,0.0,0.0,0.0,0.0,0.0,0.0,0.0,0.0,0.0,0.0,0.0,0.0,0.0,0.0,0.0,0.0,0.0,0.0,0.0,0.0,0.0,0.0,0.0,0.0,0.0,0.0,0.0,0.0,0.0,0.0,0.0,0.0,0.0,0.0,0.0,0.0,0.0,0.0,0.0,0.0,0.0,0.0,0.0,0.0,0.0,0.0,0.0,0.0,0.0,17.85718362268717,28.571265509251337,17.85718362268717,17.85718362268717,17.85718362268717
똥트남,0.0,0.0,0.0,0.0,0.0,0.0,0.0,0.0,0.0,0.0,0.0,0.0,0.0,0.0,0.0,0.0,0.0,0.0,0.0,0.0,0.0,0.0,0.0,0.0,0.0,0.0,0.0,0.0,0.0,0.0,0.0,0.0,0.0,0.0,0.0,0.0,0.0,0.0,0.0,0.0,0.0,0.0,0.0,0.0,0.0,0.0,0.0,0.0,0.0,0.0,0.0,0.0,0.0,0.0,0.0,0.0,0.0,0.0,0.0,0.0,0.0,0.0,0.0,0.0,0.0,0.0,0.0,0.0,0.0,0.0,0.0,0.0,0.0,0.0,0.0,0.0,0.0,0.0,7.954471166767147,14.772719018529681,38.63649570352507,26.13640490735158,5.68184294441095,6.818066259415563
렉카유튜버,0.0,0.0,0.0,0.0,0.0,0.0,0.0,0.0,0.0,0.0,0.0,0.0,0.0,0.0,0.0,0.0,0.0,0.0,0.0,0.0,0.0,0.0,0.0,0.0,0.0,0.0,0.0,0.0,0.0,0.0,0.0,0.0,0.0,0.0,0.0,0.0,0.0,0.0,0.0,0.0,0.0,0.0,0.0,0.0,0.0,0.0,0.0,0.0,0.0,0.11967552065457358,0.38894982479527995,0.12964887913347733,0.2293792765276673,0.06981032195747862,1.0770908417731297,3.8396330492557045,4.497855584494267,2.932082926834243,2.403510864426582,0.5584921378443723,1.4760140250473135,1.1867945976462233,2.3935375059476782,3.5803336972913256,10.042886716417224,8.526979257454295,2.563079818996771,0.967387085900036,0.5584921378443723,1.5557992991811198,1.057145718512746,2.463349421602581,4.567667500149169,4.438017027318268,3.121571956841143,2.3935375059476782,4.717263096240454,7.429940105025934,5.375487225176441,3.3509528270662345,3.001894842489146,3.420764742721137,4.507828942973171,1.057145718512746
막짤갑,0.0,0.0,0.0,0.0,0.0,0.0,0.0,0.0,0.0,0.0,0.0,0.0,0.0,0.0,0.0,0.0,0.0,0.0,0.0,0.0,0.0,0.0,0.0,0.0,0.0,0.0,0.0,0.0,0.0,0.0,0.0,0.0,0.0,0.0,0.5058071532431236,0.9928801538415809,0.18733553918151638,0.37467107836303276,0.29973746141694085,1.7796936094895526,0.39340523100769914,0.37467107836303276,0.4308705426644583,0.09366776959075819,5.4889480623608415,5.676286595174932,29.93632573452593,13.41327010861169,8.111657585432363,1.6110892293201289,4.458599603229928,3.2034472996281647,2.285500762732676,0.4308705426644583,0.4121393836523654,1.1240162287216717,0.86174407896149,0.09366776959075819,0.18733553918151638,0.8430129199493972,1.7796936094895526,0.11239892860285107,0.6744085397799737,0.5245413058877899,0.29973746141694085,0.09366776959075819,0.6744085397799737,2.847507380277225,0.11239892860285107,0.11239892860285107,2.1168963825632523,0.7493421567260655,0.5620066175445492,0.6744085397799737,1.2926176152585218,0.8992123842508227,0.18733553918151638,0.8055446146600644,0.4121393836523654,0.1498672338921837,0.11239892860285107,0.09366776959075819,0.2060696918261827,0.9366806895401554
매국당,0.0,0.0,0.0,0.0,0.0,0.0,0.0,0.0,0.0,0.0,0.0,0.0,0.0,0.0,0.0,0.0,0.0,0.0,0.0,0.0,0.0,0.0,0.0,0.0,0.0,0.0,0.0,0.0,0.0,0.0,0.0,0.0,0.0,0.0,0.0,0.0,0.0,0.0,0.0,0.0,0.0,0.0,0.0,0.0,0.0,0.0,0.0,0.0,0.0,0.0,0.0,0.0,0.0,0.0,0.0,0.0,0.0,0.0,0.0,0.0,0.0,0.0,0.0,0.0,0.0,0.0,0.0,0.0,0.0,0.0,0.0,0.0,0.0,0.0,0.0,0.0,0.0,17.241362764543485,8.620681382271743,10.34483510702569,18.96551648929743,27.58624149231817,8.620681382271743,8.620681382271743
모르노,0.0,0.0,0.0,0.0,0.0,0.0,0.0,0.0,0.0,0.0,0.0,0.0,0.0,0.0,0.0,0.0,0.0,0.0,0.0,0.0,0.0,0.0,0.0,0.0,0.0,0.0,0.0,0.0,0.0,0.0,0.0,0.0,0.0,0.0,0.0,0.0,0.0,0.0,0.0,0.0,0.0,0.0,0.0,0.0,0.0,0.0,0.0,0.0,0.0,0.0,0.0,0.0,0.0,0.0,0.0,0.0,0.0,0.0,0.0,0.0,0.0,0.0,0.0,0.0,0.0,0.0,0.0,0.0,0.0,0.0,0.0,0.0,0.0,0.0,0.0,0.0,6.185566472526009,5.154630032942182,6.185566472526009,16.494852620898854,6.185566472526009,46.39177462643355,7.216476829621358,6.185566472526009
못건,0.0,0.0,0.0,0.0,0.0,0.0,0.0,0.0,0.0,0.0,0.0,0.0,0.0,0.0,0.0,0.0,0.0,0.0,0.0,0.0,0.0,0.0,0.0,0.0,0.0,0.0,0.0,0.0,0.0,0.0,0.0,0.0,0.0,0.0,0.0,0.0,0.0,0.0,0.0,0.0,0.0,0.0,0.0,0.0,0.0,0.0,0.0,0.0,0.0,0.0,0.0,0.0,0.0,0.0,0.0,0.0,0.0,0.0,0.0,0.0,0.0,0.0,0.0,0.0,0.0,0.0,0.0,0.0,0.0,0.0,0.0,0.0,0.0,0.0,0.0,0.0,0.0,0.0,5.95237270549116,5.95237270549116,11.90474541098232,5.95237270549116,5.95237270549116,64.28576376705306
무슨맘,0.0,0.0,0.0,0.0,0.0,0.0,0.0,0.0,0.0,0.0,0.0,0.0,0.0,0.0,0.0,0.0,0.0,0.0,0.0,0.0,0.0,0.0,0.0,0.0,0.0,0.0,0.0,0.0,0.0,0.0,0.0,0.0,0.0,0.0,0.0,0.0,0.0,0.0,0.0,0.0,0.0,0.0,0.0,0.0,0.0,0.0,0.0,0.0,0.0,0.0,0.0,0.0,0.0,0.0,0.0,0.0,0.0,0.0,0.0,0.0,0.0,0.0,0.0,0.0,0.0,0.0,0.0,0.0,0.0,0.0,0.0,0.0,0.0,0.0,0.0,0.0,0.0,0.0,0.0,0.0,29.16665788192036,20.833342118079642,20.833342118079642,29.16665788192036
민좆당,0.0,0.0,0.0,0.0,0.0,0.0,0.0,0.0,0.0,0.0,0.0,0.0,0.0,0.0,0.0,0.0,0.0,0.0,0.0,0.0,0.0,0.0,0.0,0.0,0.0,0.0,0.0,0.0,0.0,0.0,0.0,0.0,0.0,0.0,0.0,0.0,0.0,0.0,0.0,0.0,0.0,0.0,0.0,0.0,0.5586591125952736,0.5586591125952736,0.6517673942406526,0.4655484752691447,0.4655484752691447,5.679704118959615,1.0242075878644183,9.869649819104918,0.4655484752691447,0.4655484752691447,0.4655484752691447,0.4655484752691447,1.6759773377858211,0.9310969505382894,0.4655484752691447,2.1415258130549657,3.817505506521537,5.586593481633486,23.556807500412123,1.5828667004596921,1.2104265068359261,4.748604812740576,2.3277470877072237,1.955306894083458,0.5586591125952736,1.0242075878644183,1.0242075878644183,1.4897584188143131,1.5828667004596921,5.959033675257253,1.3966477814881841,1.1173182251905471,0.9310969505382894,0.4655484752691447,0.4655484752691447,3.7243948691954074,1.3966477814881841,2.8864062003024973,4.189945700145302,0.6517673942406526
보시라,0.0,0.0,0.0,0.0,0.0,0.0,0.0,0.0,0.0,0.0,0.0,0.0,0.0,0.0,0.0,0.0,0.0,0.0,0.0,0.0,0.0,0.0,0.0,0.0,0.0,0.0,0.0,0.0,0.0,0.0,0.0,0.0,0.0,0.0,0.0,0.0,0.0,0.0,0.0,0.0,0.0,0.0,0.0,0.0,0.0,0.0,0.0,0.0,0.0,0.0,0.0,0.0,0.0,0.0,0.0,0.0,0.0,0.0,0.0,0.0,0.0,0.0,0.0,0.0,0.0,0.0,0.0,0.0,0.0,0.0,0.0,0.0,0.0,0.0,0.0,0.0,0.0,0.0,0.0,52.50001187500652,12.499992874996082,17.499997624998695,11.250001187500652,6.249996437498041
분탕충,0.0,0.0,0.0,0.0,0.0,0.0,0.0,0.0,0.0,0.0,0.0,0.0,0.0,0.0,0.0,0.0,0.0,0.0,0.0,0.0,0.0,0.0,0.0,0.0,0.0,0.0,0.0,0.0,0.0,0.0,0.0,0.0,0.0,0.0,0.0,0.0,0.0,0.0,0.0,0.0,0.0,0.0,0.0,0.0,0.0,0.0,0.0,0.0,0.0,0.0,0.0,0.0,0.0,0.0,0.0,0.0,0.0,0.0,0.0,0.0,0.0,0.0,0.0,0.0,0.0,0.0,0.0,0.0,0.0,23.972614576852504,12.328770831303196,6.84931250140548,3.42465625070274,4.794520833177169,4.794520833177169,4.109583336456623,3.42465625070274,4.109583336456623,10.273979163074884,4.109583336456623,3.42465625070274,3.42465625070274,3.42465625070274,7.534249998126026
뷰자,0.0,0.0,0.0,0.0,0.0,0.0,0.0,0.0,0.0,0.0,0.0,0.0,0.0,0.0,0.0,0.0,0.0,0.0,0.0,0.0,0.0,0.0,0.0,0.0,0.0,0.0,0.0,0.0,0.0,0.0,0.0,0.0,0.0,0.0,0.0,0.0,0.0,0.0,0.0,0.0,0.0,0.0,0.0,0.0,0.0,0.0,0.0,0.0,0.0,0.0,0.0,0.0,0.0,0.0,0.0,0.0,0.0,0.0,0.0,0.0,0.0,0.0,0.0,1.7064836855403565,2.047778347561942,2.047778347561942,2.047778347561942,3.412967371080713,1.7064836855403565,1.7064836855403565,2.389078197299742,5.119456244337283,2.389078197299742,1.7064836855403565,1.7064836855403565,1.7064836855403565,2.047778347561942,24.914686709927032,1.7064836855403565,2.7303728593213275,7.508534441637024,22.866903174648876,5.119456244337283,3.412967371080713
생각함,0.0,0.0,0.0,0.0,0.0,0.0,0.0,0.0,0.0,0.0,0.0,0.0,0.0,0.0,0.0,0.0,0.0,0.0,0.0,0.0,0.0,0.0,0.0,0.0,0.0,0.0,0.0,0.0,0.0,0.0,0.0,0.0,0.0,0.0,0.0,0.0,0.0,0.0,0.0,0.0,0.0,0.0,0.0,0.0,0.0,0.0,0.0,0.0,0.0,0.0,0.0,0.0,0.0,0.0,0.0,0.0,0.0,0.0,1.2562802891338556,0.8793965843033346,0.6281401445669278,0.6281401445669278,1.381909463776148,7.914573077826367,19.0954817817742,12.311559818439397,16.206033679579612,8.919598836771994,5.025124975631778,8.793971571677881,4.6482412708012575,0.7537674096610422,0.6281401445669278,1.5075367288702624,0.6281401445669278,0.7537674096610422,1.5075367288702624,0.8793965843033346,0.6281401445669278,0.6281401445669278,0.6281401445669278,0.6281401445669278,2.512562487815889,0.6281401445669278
설정상,0.0,0.0,0.0,0.0,0.0,0.0,0.0,0.0,0.0,0.0,0.0,0.0,0.0,0.0,0.0,0.0,0.0,0.0,0.0,0.0,0.0,0.0,0.0,0.0,0.0,0.0,0.0,0.0,0.0,0.0,0.0,0.0,0.0,0.0,0.0,0.0,0.0,0.0,0.0,0.0,0.0,0.0,0.0,0.0,0.0,0.0,0.0,0.0,0.0,0.0,0.0,0.0,0.0,0.0,0.0,0.0,0.0,0.0,0.0,0.0,0.0,0.0,0.0,0.0,0.0,0.0,0.0,0.0,0.0,0.0,0.0,0.0,0.0,0.0,0.0,0.0,0.0,0.0,46.15387133729453,15.384608189344418,13.846156724262231,9.230755559754396,7.692304094672209,7.692304094672209
세모왕,0.0,0.0,0.0,0.0,0.0,0.0,0.0,0.0,0.0,0.0,0.0,0.0,0.0,0.0,0.0,0.0,0.0,0.0,0.0,0.0,0.0,0.0,0.0,0.0,0.0,0.0,0.0,0.0,0.0,0.0,0.0,0.0,0.0,0.0,0.0,0.0,0.0,0.0,0.0,0.0,0.0,0.0,0.0,0.0,0.0,0.0,0.0,0.0,0.0,0.0,0.0,0.0,0.0,0.0,0.0,0.0,0.0,0.0,0.0,0.0,0.0,0.0,0.0,0.0,0.0,0.0,0.0,0.0,0.0,0.0,0.0,0.0,0.0,0.8888362792642077,1.77774747729774,1.037025604987792,0.740721872309948,1.77774747729774,0.740721872309948,19.259293111443917,14.814812040045581,24.000077915520095,22.96297739176298,12.000038957760047
순수재미,0.0,0.0,0.0,0.0,0.0,0.0,0.0,0.0,0.0,0.0,0.0,0.0,0.0,0.0,0.0,0.0,0.0,0.0,0.0,0.0,0.0,0.0,0.0,0.0,0.0,0.0,0.0,0.0,0.0,0.0,0.0,0.0,0.0,0.0,0.0,0.0,0.0,0.0,0.0,0.0,0.0,0.0,0.0,0.0,0.0,0.0,0.0,0.0,0.0,0.0,0.0,0.0,0.0,0.0,0.0,0.0,0.0,0.0,0.0,0.0,0.0,0.0,0.0,0.0,0.0,0.0,0.0,0.0,0.0,0.0,0.0,0.0,0.0,0.0,0.0,0.0,4.109399246286855,43.15111671469741,27.39761139436932,9.589060075371314,4.109399246286855,3.424614830414542,4.109399246286855,4.109399246286855
스윗세대,0.0,0.0,0.0,0.0,0.0,0.0,0.0,0.0,0.0,0.0,0.0,0.0,0.0,0.0,0.0,0.0,0.0,0.0,0.0,0.0,0.0,0.0,0.0,0.0,0.0,0.0,0.0,0.0,0.0,0.0,0.0,0.0,0.0,0.0,0.0,0.0,0.0,0.0,0.0,0.0,0.0,0.0,0.0,0.0,0.0,0.0,0.0,0.0,0.0,0.0,0.0,0.0,0.0,0.0,0.0,0.0,0.0,0.0,0.0,0.0,0.0,0.0,0.0,0.0,0.0,0.0,0.0,0.0,0.0,0.0,0.0,0.0,0.0,0.0,0.0,0.0,0.0,0.0,0.0,15.624950613967158,21.875246930164195,21.875246930164195,15.624950613967158,24.99960491173728
실압근,0.0,0.0,0.0,0.0,0.0,0.0,0.0,0.0,0.0,0.0,0.0,0.0,0.0,0.0,0.0,0.0,0.0,0.0,0.0,0.0,0.00601659263056049,0.00601659263056049,0.005013996235531993,0.005013996235531993,0.02005649207232273,0.008022292550812238,0.00601659263056049,0.00601659263056049,0.005013996235531993,0.005013996235531993,0.005013996235531993,0.07621456844878742,0.2647463039108937,0.4342241436957057,0.7771917302360282,0.9978136501617728,0.7340699426459077,1.300667745427255,2.288453403117964,1.908381635878471,1.9765739117764463,2.4840048347358543,2.4408835542759286,2.0608117870364357,2.7567744454579493,3.3003069527215,2.877113905022081,1.9825910115372016,1.548366360711301,1.36284342869467,1.447080796824464,1.4761626849728224,1.4581118928207515,1.8231411642234532,2.2483404189733185,2.276419710726648,3.1348405127771906,3.3715080320649493,2.4268436548341663,1.9454863237078364,1.6155560402142475,1.7318840999378755,1.5804570523051342,1.5995104408522338,1.8211354643032016,2.2242725270604926,2.3004876026394743,2.5602199103148364,2.4378747508304532,2.985419165064701,2.4258410584391377,2.111955867177368,1.626587136210535,1.4500890931397443,1.2926454528764428,1.8732826479693578,2.144046558771201,1.8792997477301132,1.9484946200231164,1.98359360793223,2.007661499845056,2.4128042625225983,2.022703995681847,0.7069937544178012
싱벙갤,0.0,0.0,0.0,0.0,0.0,0.0,0.0,0.0,0.0,0.0,0.0,0.0,0.0,0.0,0.0,0.0,0.0,0.0,0.0,0.0,0.0,0.0,0.0,0.0,0.0,0.0,0.0,0.0,0.0,0.0,0.0,0.0,0.0,0.0,0.0,0.0,0.0,0.0,0.0,0.0,0.0,0.0,0.0,0.0,0.0,0.0,0.0,0.0,0.0,0.0,0.0,0.0,0.009382882583431092,0.011259079495279304,0.21581199349148522,0.14637657454748612,0.04879155884109869,0.197045279312528,0.3115198632739294,0.6962294373397444,0.6399302438149678,0.7731715419553263,0.2852474124354843,0.2758645298520533,0.6605731549057732,0.7243790341021327,0.5629890882114807,1.0171331322091999,1.0790618654816162,1.9516955690672733,2.985719218543582,3.9915932712575026,5.329630098336159,6.054010081450386,7.44646990514197,6.992324912132156,7.093663270674335,8.05074481553506,7.512151981250177,6.654531649007686,7.073020359583529,8.390415224583474,9.490120950167992,3.3291420214156915
어쩌자,0.0,0.0,0.0,0.0,0.0,0.0,0.0,0.0,0.0,0.0,0.0,0.0,0.0,0.0,0.0,0.0,0.0,0.0,0.0,0.0,0.0,0.0,0.0,0.0,0.0,0.0,0.0,0.0,0.0,0.0,0.0,0.0,0.0,0.0,0.0,0.0,0.0,0.0,0.0,0.0,0.0,0.0,0.0,0.0,0.0,0.0,0.0,0.0,0.0,0.0,0.0,0.0,0.0,0.0,0.0,0.0,0.0,0.0,0.0,0.0,0.0,0.0,0.0,0.0,0.0,0.0,0.0,0.0,0.0,0.0,0.0,0.0,0.0,0.0,0.0,0.0,0.0,34.64566872837688,44.09452647037163,3.937006185130662,4.724393122929739,4.724393122929739,3.937006185130662,3.937006185130662
예수천국,0.0,0.0,0.0,0.0,0.0,0.0,0.0,0.0,0.0,0.0,0.0,0.0,0.0,0.0,0.0,0.0,0.0,0.0,0.0,0.0,0.0,0.0,0.0,0.0,0.0,0.0,0.0,0.0,0.0,0.0,0.0,0.0,0.0,0.0,0.0,0.0,0.0,0.0,0.0,0.0,0.0,0.0,0.0,0.0,0.0,0.0,0.0,0.0,0.0,0.0,0.0,0.0,0.0,0.0,0.0,0.0,0.0,0.0,2.371537388168548,2.371537388168548,3.1620378877493596,6.324111664924832,2.371537388168548,29.24905682588173,1.9762871383781424,2.371537388168548,2.371537388168548,1.9762871383781424,2.371537388168548,1.9762871383781424,3.1620378877493596,3.952574276756285,2.371537388168548,2.766787637958954,2.371537388168548,4.34782452654669,3.952574276756285,1.9762871383781424,3.952574276756285,1.9762871383781424,1.9762871383781424,1.9762871383781424,1.9762871383781424,4.34782452654669
올리지,0.0,0.0,0.0,0.0,0.0,0.0,0.0,0.0,0.0,0.0,0.0,0.0,0.0,0.0,0.0,0.0,0.0,0.0,0.0,0.0,0.0,0.0,0.0,0.0,0.0,0.0,0.0,0.0,0.0,0.0,0.0,0.0,0.0,0.0,0.0,0.0,0.0,0.0,0.0,0.0,0.0,0.0,0.0,0.0,0.0,0.0,0.0,0.0,0.0,0.0,0.0,0.0,0.0,0.0,0.0,0.0,0.0,0.0,0.0,0.0,0.0,0.0,0.0,0.0,1.5503823223708446,1.2919891790685836,3.8759675372057503,1.2919891790685836,1.2919891790685836,18.346265112819708,44.961275049212716,1.5503823223708446,1.2919891790685836,1.2919891790685836,1.2919891790685836,1.5503823223708446,2.583978358137167,1.8087754656731057,1.2919891790685836,4.392753823810272,3.8759675372057503,2.583978358137167,2.583978358137167,1.2919891790685836
웅챠,0.0,0.0,0.0,0.0,0.0,0.0,0.0,0.0,0.0,0.0,0.0,0.0,0.0,0.0,0.0,0.0,0.0,0.0,0.0,0.0,0.0,0.0,0.0,0.0,0.0,0.0,0.0,0.0,0.0,0.0,0.0,0.0,0.0,0.0,0.0,0.0,0.0,0.0,0.0,0.0,0.0,0.0,0.0,0.0,0.0,0.0,0.0,0.0,0.0,0.0,0.0,0.0,0.0,0.0,0.0,0.0,0.0,0.0,0.0,0.1828151379937903,0.1828151379937903,7.49543061752846,23.839125865696044,12.43144598321617,21.0968954758615,13.23583458234546,9.32358531739405,1.8647170634788102,1.3893963767238806,2.0109665179316933,1.2065812387300903,1.3528306931829734,0.950638053582172,0.7678229155883818,0.1828151379937903,0.219377501607011,0.8775133263557305,0.29250222883345245,0.1828151379937903,0.1828151379937903,0.1828151379937903,0.1828151379937903,0.1828151379937903,0.1828151379937903
의주빈,0.0,0.0,0.0,0.0,0.0,0.0,0.0,0.0,0.0,0.0,0.0,0.0,0.0,0.0,0.0,0.0,0.0,0.0,0.0,0.0,0.0,0.0,0.0,0.0,0.0,0.0,0.0,0.0,0.0,0.0,0.0,0.0,0.0,0.0,0.0,0.0,0.0,0.0,0.0,0.0,0.0,0.0,0.0,0.0,0.0,0.0,0.0,0.0,0.0,0.0,0.0,0.0,0.0,0.0,0.0,0.0,0.0,0.0,0.0,0.0,0.0,0.0,0.0,0.0,0.0,0.0,0.0,0.0,0.0,0.0,0.0,0.0,0.0,0.0,0.0,0.0,0.9627310521814673,10.248447432660797,28.198760202029455,23.726707542085524,13.354036111106723,10.372671430978798,11.397515892257275,1.7391303366999646
인칸,0.0,0.0,0.0,0.0,0.0,0.0,0.0,0.0,0.0,0.0,0.0,0.0,0.0,0.0,0.0,0.0,0.0,0.0,0.0,0.0,0.0,0.0,0.0,0.0,0.0,0.0,0.0,0.0,0.0,0.0,0.0,0.0,0.0,0.0,0.0,0.0,0.0,0.0,0.0,0.0,0.0,0.0,0.0,0.0,0.0,0.0,0.0,0.0,0.0,0.0,0.0,0.0,0.0,0.0,0.0,0.0,0.2747246487137473,0.2747246487137473,0.2747246487137473,0.2747246487137473,0.6043936645327231,11.703299292356723,4.505494366380832,8.62637534983746,1.4285704238615697,3.5164845057363,5.10989084410116,4.340658451877542,2.1428556357923547,3.2967042241277813,3.5714288728415284,3.2967042241277813,4.890110562492641,7.967034505011903,2.362635917400873,2.1428556357923547,2.3076915502956448,2.472527464798935,0.9340654935393036,8.901099998551206,6.70329718246602,5.4945070402129685,2.3076915502956448,0.2747246487137473
저걸,0.0,0.0,0.0,0.0,0.0,0.0,0.0,0.0,0.0,0.0,0.0,0.0,0.0,0.0,0.0,0.0,0.0,0.0,0.0,0.0,0.0,0.0,0.0,0.0,0.0,0.0,0.0,0.0,0.0,0.0,0.0,0.0,0.0,0.0,0.0,0.0,0.0,0.0,0.0,0.0,0.0,0.0,0.0,0.0,0.0,0.0,0.0,0.0,0.0,0.0,0.0,0.0,0.0,0.0,0.0,0.0,0.0,0.0,0.0,0.0,0.0,0.0,0.0,0.0,0.0,0.0,0.0,0.0,0.0,0.0,0.0,0.0,5.504572073034798,4.587151222953794,4.587151222953794,4.587151222953794,4.587151222953794,8.256881595826584,4.587151222953794,4.587151222953794,44.95418532455448,4.587151222953794,4.587151222953794,4.587151222953794
저새,0.0,0.0,0.0,0.0,0.0,0.0,0.0,0.0,0.0,0.0,0.0,0.0,0.0,0.0,0.0,0.0,0.0,0.0,0.0,0.0,0.0,0.0,0.0,0.0,0.0,0.0,0.0,0.0,0.0,0.0,0.0,0.0,0.0,0.0,0.0,0.0,0.0,0.0,0.0,0.0,0.0,1.2085759171205652,0.8576991023469189,0.19493134197401993,1.013644575146545,0.19493134197401993,0.2729030803228072,0.46783641839887896,0.46783641839887896,0.23391721114841355,0.23391721114841355,0.46783641839887896,1.013644575146545,0.8187132331725253,0.38986268394803986,0.19493134197401993,0.5068222875732725,0.5847940259220598,0.23391721114841355,0.19493134197401993,0.19493134197401993,0.7407394987216861,0.19493134197401993,0.4288485531224334,0.6627677603728989,0.4288485531224334,0.23391721114841355,12.865500507918146,1.7933719391446767,1.1695900479461716,0.6237818911985052,0.5068222875732725,0.46783641839887896,0.19493134197401993,0.6627677603728989,0.5847940259220598,0.8576991023469189,5.536063286335708,16.413260513135157,11.18908617629665,19.961020518352168,7.56335443273085,4.873295525962809,2.300194226717949
정향돈,0.0,0.0,0.0,0.0,0.0,0.0,0.0,0.0,0.0,0.0,0.0,0.0,0.0,0.0,0.0,0.0,0.0,0.0,0.0,0.0,0.0,0.0,0.0,0.0,0.0,0.0,0.0,0.0,0.0,0.0,0.0,0.0,0.0,0.0,0.0,0.0,0.0,0.0,0.0,0.0,0.0,0.0,0.0,0.0,0.0,0.0,0.0,0.0,0.0,0.0,0.0,3.6269414244655693,1.295335275575762,1.295335275575762,1.295335275575762,1.295335275575762,2.07254174662809,1.295335275575762,1.295335275575762,3.1088126199421353,1.8134640800991955,1.295335275575762,26.165836235112845,5.181354366570226,1.295335275575762,5.958547573355377,1.295335275575762,1.295335275575762,1.5543996778374787,5.69948317109366,1.295335275575762,1.5543996778374787,4.14508349325618,5.958547573355377,3.1088126199421353,1.295335275575762,1.5543996778374787,1.295335275575762,1.5543996778374787,1.295335275575762,3.6269414244655693,1.295335275575762,2.590670551151524,1.295335275575762
조질라,0.0,0.0,0.0,0.0,0.0,0.0,0.0,0.0,0.0,0.0,0.0,0.0,0.0,0.0,0.0,0.0,0.0,0.0,0.0,0.0,0.0,0.0,0.0,0.0,0.0,0.0,0.0,0.0,0.0,0.0,0.0,0.0,0.0,0.0,0.0,0.0,0.0,0.0,0.0,0.0,0.0,0.0,0.0,0.0,0.0,0.0,0.0,0.0,0.0,0.0,0.0,0.0,0.0,0.0,0.0,0.0,0.0,0.0,0.0,0.0,0.0,0.0,0.0,0.0,0.0,0.0,0.0,0.0,0.0,0.0,0.0,0.0,0.0,0.0,0.0,0.0,0.0,3.7593921284358887,5.263133581300666,3.7593921284358887,3.7593921284358887,66.165470844077,13.533827060878778,3.7593921284358887
좆대남,0.0,0.0,0.0,0.0,0.0,0.0,0.0,0.0,0.0,0.0,0.0,0.0,0.0,0.0,0.0,0.0,0.0,0.0,0.0,0.0,0.0,0.0,0.0,0.0,0.0,0.0,0.0,0.0,0.0,0.0,0.0,0.0,0.0,0.0,0.0,0.0,0.0,0.0,0.0,0.0,0.0,0.0,0.0,0.0,0.0,0.0,0.0,0.0,0.0,0.0,0.0,0.0,0.0,0.0,0.0,0.0,0.0,0.0,0.0,0.0,0.0,0.0,0.0,0.0,0.0,0.0,0.0,0.0,0.0,0.0,0.0,0.0,0.0,0.0,0.0,0.0,0.0,0.0,0.0,11.53845965236623,9.615383043638523,48.07693156435197,19.230766087277047,11.53845965236623
좆찰,0.0,0.0,0.0,0.0,0.0,0.0,0.0,0.0,0.0,0.0,0.0,0.0,0.0,0.0,0.0,0.0,0.0,0.0,0.0,0.0,0.0,0.0,0.0,0.0,0.0,0.0,0.0,0.0,0.0,0.0,0.0,0.0,0.0,0.0,0.0,0.0,0.0,0.0,0.0,0.0,0.0,0.0,0.0,0.0,0.0,0.0,0.0,0.0,0.0,0.0,0.0,0.0,0.0,0.0,0.0,0.0,0.0,0.0,0.0,0.0,0.0,0.0,0.0,0.0,0.0,0.0,0.0,0.0,0.0,0.0,0.0,0.0,0.0,0.0,0.0,0.0,0.0,0.0,0.0,20.0,23.333333333333336,20.0,20.0,16.666666666666664
증오선동,0.0,0.0,0.0,0.0,0.0,0.0,0.0,0.0,0.0,0.0,0.0,0.0,0.0,0.0,0.0,0.0,0.0,0.0,0.0,0.0,0.0,0.0,0.0,0.0,0.0,0.0,0.0,0.0,0.0,0.0,0.0,0.0,0.0,0.0,0.0,0.0,0.0,0.0,0.0,0.0,0.0,0.0,0.0,0.0,0.0,0.0,0.0,0.0,0.0,0.0,0.0,0.0,0.0,0.0,0.0,0.0,0.0,0.0,0.0,0.0,0.0,0.0,0.0,0.0,0.0,0.0,0.0,0.0,0.0,0.0,0.0,0.0,0.0,0.0,0.0,0.0,0.0,0.0,10.0,18.333333333333332,8.333333333333332,25.0,23.333333333333336,15.0
쮸나,0.0,0.0,0.0,0.0,0.0,0.0,0.0,0.0,0.0,0.0,0.0,0.0,0.0,0.0,0.0,0.0,0.0,0.0,0.0,0.0,0.0,0.0,0.0,0.0,0.0,0.0,0.0,0.0,0.0,0.0,0.0,0.0,0.0,0.0,0.0,0.0,0.0,0.0,0.0,0.0,0.0,0.0,0.0,0.0,0.0,0.0,0.0,0.0,0.0,0.0,0.0,0.0,0.0,0.0,0.0,0.0,0.0,0.0,0.0,0.0,0.0,0.0,0.0,0.0,0.0,0.0,0.0,0.0,0.0,0.0,0.0,0.0,0.0,0.0,0.0,0.0,0.0,0.0,0.0,0.0,82.52427905551953,5.825240314826823,6.796113700631294,4.854366929022352
쮼쮼,0.0,0.0,0.0,0.0,0.0,0.0,0.0,0.0,0.0,0.0,0.0,0.0,0.0,0.0,0.0,0.0,0.0,0.0,0.0,0.0,0.0,0.0,0.0,0.0,0.0,0.0,0.0,0.0,0.0,0.0,0.0,0.0,0.0,0.0,0.0,0.0,0.0,0.0,0.0,0.0,0.0,0.0,0.0,0.0,0.0,0.0,0.0,0.0,0.0,0.0,0.0,0.0,0.0,0.0,0.0,0.0,0.0,0.0,0.0,0.0,0.0,0.0,0.0,0.0,0.0,0.0,0.0,0.0,0.0,0.0,0.0,0.0,0.0,0.0,0.0,0.0,0.0,0.0,3.1055889143935853,6.211177828787171,19.875774331622743,15.527949851471723,22.3602507426414,32.919258331083384
착페죽페,0.0,0.0,0.0,0.0,0.0,0.0,0.0,0.0,0.0,0.0,0.0,0.0,0.0,0.0,0.0,0.0,0.0,0.0,0.0,0.0,0.0,0.0,0.0,0.0,0.0,0.0,0.0,0.0,0.0,0.0,0.0,0.0,0.0,0.0,0.0,0.0,0.0,0.0,0.0,0.0,0.0,0.0,0.0,0.0,0.0,0.0,0.0,0.0,0.0,0.0,0.0,0.0,0.0,0.0,0.0,0.0,0.0,0.0,0.0,0.0,0.0,0.0,0.0,0.0,0.0,0.0,0.0,0.0,0.0,0.0,0.0,1.8050332025220224,5.054148959969907,21.66067839480549,1.8050332025220224,21.29967684456547,14.801470780991629,2.527061754323989,7.581236165615825,1.8050332025220224,1.8050332025220224,1.8050332025220224,4.33212040816794,13.718440678949644
찬밥단,0.0,0.0,0.0,0.0,0.0,0.0,0.0,0.0,0.0,0.0,0.0,0.0,0.0,0.0,0.0,0.0,0.0,0.0,0.0,0.0,0.0,0.0,0.0,0.0,0.0,0.0,0.0,0.0,0.0,0.0,0.0,0.0,0.0,0.0,0.0,0.0,0.0,0.0,0.0,0.0,0.0,0.0,0.0,0.0,0.0,0.0,0.0,0.0,0.0,0.0,0.0,0.0,0.0,0.0,0.0,0.0,0.0,0.0,0.0,0.0,0.0,0.0,0.0,0.0,0.0,0.0,0.0,0.0,0.0,0.0,0.0,0.0,0.0,0.0,0.0,0.0,0.0,0.0,0.0,0.0,45.192333113020496,5.769213822088905,29.80771772840511,19.230735336485502
총기허용,0.0,0.0,0.0,0.0,0.0,0.0,0.0,0.0,0.0,0.0,0.0,0.0,0.0,0.0,0.0,0.0,0.0,0.0,0.0,0.0,1.520713462517716,1.5731504555001643,0.36706634470017774,0.8390140691882902,0.36706634470017774,0.8914510621707389,1.2585211037824353,1.9926611870058282,0.8390140691882902,0.5243810205590423,0.4195070345941451,6.6072459613644625,1.5731504555001643,1.8353428142354449,0.26218866182376177,0.26218866182376177,0.8390140691882902,0.5243810205590423,0.5768217104530097,0.7341363863118743,0.5768217104530097,1.4682764695352675,1.3633987866588515,0.26218866182376177,0.26218866182376177,2.2024128558471414,2.2024128558471414,0.6816993933294258,0.6292587034354583,1.2585211037824353,1.520713462517716,4.299951725729386,0.26218866182376177,0.26218866182376177,0.31462935171772916,0.26218866182376177,0.26218866182376177,0.8390140691882902,0.26218866182376177,0.26218866182376177,0.6292587034354583,0.31462935171772916,0.26218866182376177,0.26218866182376177,1.2585211037824353,0.7341363863118743,0.26218866182376177,1.1012064279235707,1.5731504555001643,0.8390140691882902,0.26218866182376177,0.26218866182376177,0.5768217104530097,0.6816993933294258,1.1536434209060193,3.565815339417512,1.9402204971118608,1.4682764695352675,0.26218866182376177,0.5243810205590423,0.6816993933294258,0.5768217104530097,0.5768217104530097,36.96911518785152
털물,0.0,0.0,0.0,0.0,0.0,0.0,0.0,0.0,0.0,0.0,0.0,0.0,0.0,0.0,0.0,0.0,0.0,0.0,0.0,0.0,0.0,0.0,0.0,0.0,0.0,0.0,0.0,0.0,0.0,0.0,0.0,0.0,0.0,0.0,0.0,0.0,0.0,0.0,0.0,0.0,0.0,0.0,0.0,0.0,0.0,0.0,0.0,0.0,0.0,0.0,0.0,0.0,0.0,0.0,0.0,0.0,0.0,0.0,0.0,0.0,0.0,0.0,0.0,0.0,0.0,0.0,0.0,0.0,0.0,0.0,0.0,1.470569939419676,1.470569939419676,2.941160614163719,8.235303631501766,14.117666330477938,1.470569939419676,10.882354404846424,19.70589845331068,11.176484980989851,3.823531607269638,7.647063214539276,10.294113987883934,6.764712956757723
투툴,0.0,0.0,0.0,0.0,0.0,0.0,0.0,0.0,0.0,0.0,0.0,0.0,0.0,0.0,0.0,0.0,0.0,0.0,0.0,0.0,0.0,0.0,0.0,0.0,0.0,0.0,0.0,0.0,0.0,0.0,0.0,0.0,0.0,0.0,0.0,0.0,0.0,0.0,0.0,0.0,0.0,0.0,0.0,0.0,0.0,0.0,0.0,0.0,0.0,0.0,0.0,0.0,0.0,0.0,0.0,0.0,0.0,0.0,0.0,0.0,0.0,0.0,0.0,0.0,0.0,0.0,17.105354090764678,3.2894483572702415,7.236869873354312,3.947375134217526,3.2894483572702415,3.2894483572702415,5.26318230624555,4.605255529298265,3.2894483572702415,9.868437835543816,3.2894483572702415,7.236869873354312,3.2894483572702415,3.947375134217526,3.2894483572702415,6.578943096407029,7.894750268435052,3.2894483572702415
트타쿠,0.0,0.0,0.0,0.0,0.0,0.0,0.0,0.0,0.0,0.0,0.0,0.0,0.0,0.0,0.0,0.0,0.0,0.0,0.0,0.0,0.0,0.0,0.0,0.0,0.0,0.0,0.0,0.0,0.0,0.0,0.0,0.0,0.0,0.0,1.685393289026784,0.8293193833627286,0.1605135168890373,0.13375899458771046,0.2942752348605325,1.3911180541662516,0.508292349584654,0.13375899458771046,0.1872653158065794,0.3477788326956167,0.13375899458771046,0.13375899458771046,0.3210270337780746,0.13375899458771046,0.13375899458771046,1.096842819305719,0.5617959474197383,1.4446216520013355,1.0700910203881768,1.8994104037509056,1.9261649260522322,0.428034229448243,1.8726586048333633,2.728732510497419,5.403961423159753,7.303374550294444,4.173356885882539,4.387374000606661,3.772071731968054,8.640991730009395,12.627083300085356,5.8052465770742385,3.1567694633294465,4.4676321207430725,3.2102730611645307,1.4981279732202046,3.6918163352154276,4.4676321207430725,2.0599266440237276,2.300695557665391,0.428034229448243,0.5617959474197383,0.2675207125592057,0.4012824305307009,0.6420540675561492,0.4012824305307009,0.13375899458771046,0.2675207125592057,0.13375899458771046,0.24076891364166356
파라과,0.0,0.0,0.0,0.0,0.0,0.0,0.0,0.0,0.0,0.0,0.0,0.0,0.0,0.0,0.0,0.0,0.0,0.0,0.0,0.0,0.0,0.0,0.0,0.0,0.0,0.0,0.0,0.0,0.0,0.0,0.0,0.0,0.0,0.0,0.0,0.0,0.0,0.0,0.0,0.0,0.0,0.0,0.0,0.0,0.0,0.0,0.0,0.0,0.0,0.0,0.0,0.0,0.0,0.0,0.0,0.0,0.0,0.0,0.0,0.0,0.0,0.0,0.0,0.0,0.0,0.0,0.0,0.0,0.0,0.0,0.7082028388674522,1.1331389614659215,1.8413562196113713,1.1331389614659215,28.753568771304483,0.991498393692431,2.1246373551583524,1.274779529239412,1.5580750840643904,0.8498578259189404,57.36548255555748,0.7082028388674522,0.8498578259189404,0.7082028388674522
파란밥,0.0,0.0,0.0,0.0,0.0,0.0,0.0,0.0,0.0,0.0,0.0,0.0,0.0,0.0,0.0,0.0,0.0,0.0,0.0,0.0,0.0,0.0,0.0,0.0,0.0,0.0,0.0,0.0,0.0,0.0,0.0,0.0,0.0,0.0,0.0,0.0,7.743681510680074,0.6675470341013715,0.6675470341013715,1.3351076597131595,0.6675470341013715,2.5367195041164607,0.6675470341013715,0.8010700324320621,1.6021400648641242,0.8010700324320621,1.46863065804385,0.6675470341013715,0.8010700324320621,0.6675470341013715,0.6675470341013715,31.50880444453264,3.6048083501890718,1.46863065804385,3.0707707229079744,4.005350162160312,1.46863065804385,0.6675470341013715,1.3351076597131595,0.6675470341013715,1.3351076597131595,0.6675470341013715,0.6675470341013715,0.6675470341013715,1.3351076597131595,1.3351076597131595,0.9345794392523366,0.6675470341013715,1.3351076597131595,1.6021400648641242,0.6675470341013715,0.6675470341013715,2.4032100972961863,1.3351076597131595,0.8010700324320621,1.3351076597131595,2.2697006904759123,2.670228910936735,2.1361776921452216,0.6675470341013715,2.2697006904759123,0.6675470341013715,1.3351076597131595,0.6675470341013715
펨코남,0.0,0.0,0.0,0.0,0.0,0.0,0.0,0.0,0.0,0.0,0.0,0.0,0.0,0.0,0.0,0.0,0.0,0.0,0.0,0.0,0.0,0.0,0.0,0.0,0.0,0.0,0.0,0.0,0.0,0.0,0.0,0.0,0.0,0.0,0.0,0.0,0.0,0.0,0.0,0.0,0.0,0.0,0.0,0.0,0.0,0.0,0.0,0.0,0.0,0.0,0.0,0.0,0.0,0.0,0.1325859839782238,1.384796775176775,0.27990507702578604,7.027108140840604,8.706541602406777,0.3241014048223458,0.5598101540515721,14.997057277421025,0.913376277306867,0.8397167307830858,5.878020114893056,8.205657885809647,6.982911813044046,7.424869092186731,3.9923396231191517,9.811433300557765,6.865057438429431,2.489686973622036,4.4195637931925,1.384796775176775,1.8562172730466828,1.3700636661074366,1.4437232126312176,0.7218608564627449,0.41249256070973755,0.14731759334183447,0.3682962329131778,0.39775945164039916,0.4566873888005696,0.20624553050200492
펨코충,0.0,0.0,0.0,0.0,0.0,0.0,0.0,0.0,0.0,0.0,0.0,0.0,0.0,0.0,0.0,0.0,0.0,0.0,0.0,0.0,0.0,0.0,0.0,0.0,0.0,0.0,0.0,0.0,0.0,0.0,0.0,0.0,0.0,0.0,0.0,0.0,0.0,0.0,0.0,0.0,0.0,0.0,0.0,0.0,0.0,0.0,0.0,0.0,0.0,0.0,0.0,0.0,0.0,0.0,0.0,0.0,0.0,0.0,0.0,0.0,0.0,0.0,0.0,0.0,0.0,0.0,0.7662832758372767,9.067687597623467,9.961695587178745,0.7662832758372767,0.7662832758372767,1.2771301255326952,7.918269184514626,6.89654948253549,0.6385585621192732,0.6385585621192732,0.7662832758372767,38.825075648029994,9.067687597623467,0.6385585621192732,9.323124023765324,1.4048548392506985,0.6385585621192732,0.6385585621192732
퐁퐁남,0.0,0.0,0.0,0.0,0.0,0.0,0.0,0.0,0.0,0.0,0.0,0.0,0.0,0.0,0.0,0.0,0.0,0.0,0.0,0.0,0.0,0.0,0.0,0.0,0.0,0.0,0.0,0.0,0.0,0.0,0.0,0.0,0.0,0.0,0.0,0.0,0.0,0.0,0.0,0.0,0.0,0.0,0.0,0.0,0.0,0.0,0.0,0.0,0.0,0.0,0.0,0.0,0.0,0.0,0.0,0.0,0.0,0.0,0.0,0.0,7.332475485952314,10.36489864056788,8.618147878226994,7.880534012430436,5.814036491926672,5.505537721768537,5.770490443268054,5.954810472283137,4.308294498735727,3.7552235072750246,3.6925210529489085,5.284687643984638,2.856009470283509,2.8397500537860507,2.415981172866432,2.6595500719805933,2.133431962944824,2.2517078943120725,1.9639244105769769,1.993660268286902,2.0769660681307385,1.9665975179363793,1.868033550803763,0.6927297087234419
한정해,0.0,0.0,0.0,0.0,0.0,0.0,0.0,0.0,0.0,0.0,0.0,0.0,0.0,0.0,0.0,0.0,0.0,0.0,0.0,0.0,0.0,0.0,0.0,0.0,0.0,0.0,0.0,0.0,0.0,0.0,0.0,0.0,0.0,0.0,0.0,0.0,0.0,0.0,0.0,0.0,0.0,0.0,0.0,0.0,0.0,0.0,0.0,0.0,0.0,0.0,0.0,0.0,0.0,0.0,0.0,1.8929208895425886,0.6580408919939635,0.4113713143198584,0.4113713143198584,0.4933391553482101,0.5760730509656118,0.4113713143198584,0.4113713143198584,0.7407747876113652,0.4933391553482101,0.4113713143198584,0.4933391553482101,0.4933391553482101,1.2341139429595753,0.4933391553482101,3.4564383057936707,1.8929208895425886,5.514826986571062,0.4933391553482101,0.6580408919939635,4.279946989022438,4.856020039988049,0.4113713143198584,0.4933391553482101,0.8227426286397168,13.828051386941834,51.03379066792299,2.2223243628340956,0.4113713143198584
흉내낼,0.0,0.0,0.0,0.0,0.0,0.0,0.0,0.0,0.0,0.0,0.0,0.0,0.0,0.0,0.0,0.0,0.0,0.0,0.0,0.0,0.0,0.0,0.0,0.0,0.0,0.0,0.0,0.0,0.0,0.0,0.0,0.0,0.0,0.0,0.0,0.0,0.0,0.0,0.0,0.0,0.0,0.0,0.0,0.0,0.0,0.0,0.0,0.0,0.0,0.0,0.0,0.0,0.0,0.0,0.21075022498568274,0.1757342714554528,0.1757342714554528,2.1448089667021186,0.8436554037470342,0.5272028143663584,0.1757342714554528,2.9887916223513047,7.243393602225313,8.439172052687557,5.9072240857399985,5.661130655321934,5.309662112411028,6.259019880553056,4.887507158635359,4.008508549455944,4.992882271128201,6.118301562627832,4.922850364067742,7.06765933076986,3.5513376421500453,5.379694019471488,3.4809784831874335,2.77771414546347,0.1757342714554528,0.1757342714554528,0.4218277018735171,3.8327742780004908,0.9140145627096457,1.2304671520903214
