,2016-10-26,2016-11-26,2016-12-26,2017-01-26,2017-02-26,2017-03-26,2017-04-26,2017-05-26,2017-06-26,2017-07-26,2017-08-26,2017-09-26,2017-10-26,2017-11-26,2017-12-26,2018-01-26,2018-02-26,2018-03-26,2018-04-26,2018-05-26,2018-06-26,2018-07-26,2018-08-26,2018-09-26,2018-10-26,2018-11-26,2018-12-26,2019-01-26,2019-02-26,2019-03-26,2019-04-26,2019-05-26,2019-06-26,2019-07-26,2019-08-26,2019-09-26,2019-10-26,2019-11-26,2019-12-26,2020-01-26,2020-02-26,2020-03-26,2020-04-26,2020-05-26,2020-06-26,2020-07-26,2020-08-26,2020-09-26,2020-10-26,2020-11-26,2020-12-26,2021-01-26,2021-02-26,2021-03-26,2021-04-26,2021-05-26,2021-06-26,2021-07-26,2021-08-26,2021-09-26,2021-10-26,2021-11-26,2021-12-26,2022-01-26,2022-02-26,2022-03-26,2022-04-26,2022-05-26,2022-06-26,2022-07-26,2022-08-26,2022-09-26,2022-10-26,2022-11-26,2022-12-26,2023-01-26,2023-02-26,2023-03-26,2023-04-26,2023-05-26,2023-06-26,2023-07-26,2023-08-26,2023-09-26
갓생,0.0,0.0,0.0,0.0,0.0,0.0,0.0,0.0,0.0,0.0,0.0,0.0,0.0,0.0,0.0,0.0,0.0,0.0,0.0,0.0,0.0,0.0,0.0,0.0,0.0,0.0,0.0,0.0,0.0,0.0,0.0,0.0,0.0013083090345945366,0.002486715044477559,0.0006536390291039686,0.0026176490455756722,0.0014392430356926502,0.002486715044477559,0.002486715044477559,0.003141385049968127,0.0066755721032305945,0.03861315860730431,0.08625870133760528,0.10641635164839516,0.12133870386803373,0.18272819280809022,0.2585162979633928,0.3933370800389858,0.2566832219480192,0.19306888596568136,0.2774955422642997,0.5788148868701364,0.5294672021255599,0.6506749719924957,0.47933494435078144,0.6488429269535085,0.6658591922143303,0.9142966650223282,1.1749068760269044,1.0499030511045098,1.1559276317259974,2.4702379798669285,2.1690495692621896,3.651559590971254,2.9813806076970724,3.188717175876901,5.214176477919085,3.1470925352443406,3.724468179078784,4.308256496037876,4.014529261542957,4.150267612602622,3.5086229627803514,3.247096213768088,3.166465612524929,6.3113333007269885,10.309763865993196,3.803135801281859,2.869335124977845,3.4937006105607127,2.8626595528746144,2.9256192188514616,2.7146175296172714,5.982134292674733
강강강,0.0,0.0,0.0,0.0,0.0,0.0,0.0,0.0,0.0,0.0,0.0,0.0,0.0,0.0,0.0,0.0,0.0,0.0,0.0,0.0,0.0,0.0,0.0,0.0,0.0,0.0,0.0,0.0,0.0,0.0,0.0,0.0,0.0,0.0,0.0,0.0,0.0,0.0,0.0,0.0,0.0,0.0,0.0,0.0,0.0,0.0,0.0,0.0,0.0,0.0,0.0,0.0,0.0,0.0,0.0,0.0,0.0,0.0,0.0,0.0,0.0,0.0,0.0,0.0,0.0,0.0,0.0,0.45418461498418816,0.20627009018622874,0.20627009018622874,0.20627009018622874,2.1889355942790965,0.20627009018622874,3.304225608724509,7.971981103837796,62.66186020483857,8.96331385588423,5.369854634895434,4.2545646204500205,1.7347509792949078,0.45418461498418816,0.9086945771137805,0.7020991397821476,0.20627009018622874
개양아치,0.0,0.0,0.0,0.0,0.0,0.0,0.0,0.0,0.0,0.0,0.0,0.0,0.0,0.0,0.0,0.0,0.0,0.0,0.0,0.0,0.0,0.0,0.0,0.0,0.0,0.0,0.0,0.0,0.0,0.0,0.0,0.0,0.0,0.0,0.0,0.0,0.0,0.0,0.0,0.0,0.0,0.0,0.0,0.0,0.0,0.0,0.0,0.0,0.0,0.0,0.0,0.0,1.70407066969082,4.167661453981139,1.8935776530977677,5.303211173451117,1.8935776530977677,0.9460427360630299,2.083084636504715,1.1355497194699773,2.4620986033186107,0.9460427360630299,0.9460427360630299,7.766801957741435,28.796108392025786,0.9460427360630299,1.8935776530977677,4.357168437388086,0.9460427360630299,2.083084636504715,1.8935776530977677,0.9460427360630299,4.7361824042019816,0.9460427360630299,1.3250567028769251,1.8935776530977677,1.3250567028769251,1.1355497194699773,0.9460427360630299,4.357168437388086,5.8717321236719595,2.4620986033186107,0.9460427360630299,0.9460427360630299
개핫,0.0,0.0,0.0,0.0,0.0,0.0,0.0,0.0,0.0,0.0,0.0,0.0,0.0,0.0,0.0,0.0,0.0,0.0,0.0,0.0,0.0,0.0,0.0,0.0,0.0,0.0,0.0,0.0,0.0,0.0,0.0,0.0,0.0,0.0,0.0,0.0,0.0,0.0,0.0,0.0,0.0,0.0,0.0,0.0,0.0,0.0,0.0,0.0,0.0,0.0,0.0,0.0,0.0,0.0,0.0,0.0,0.0,0.0,0.0,0.0,0.0,0.0,0.0,0.12779214938340083,0.23435553068144355,0.20238651629203072,0.10647947312379229,0.05319778247477094,0.11713581125359657,0.06385412060457521,0.8521714176873401,32.32151262943886,17.961132055523723,43.15573608865404,1.874928153625799,0.7776609589529606,0.05319778247477094,0.41542937071386576,0.3621476800648444,0.45805472323308283,0.2556682069410521,0.10647947312379229,0.26632454507085634,0.23435553068144355
겨레지영,0.0,0.0,0.0,0.0,0.0,0.0,0.0,0.0,0.0,0.0,0.0,0.0,0.0,0.0,0.0,0.0,0.0,0.0,0.0,0.0,0.0,0.0,0.0,0.0,0.0,0.0,0.0,0.0,0.0,0.0,0.0,0.0,0.0,0.0,0.0,0.0,0.0,0.0,0.0,0.0,0.0,0.0,0.0,0.0,0.0,0.0,0.0,0.0,0.0,0.0,0.0,0.0,0.0,0.0,0.0,0.0,0.0,0.0,0.0,0.0,0.0,0.0,0.0,0.0,0.0,0.0,0.0,0.0,0.0,0.0,0.0,0.0,0.0,0.0,0.0,0.0,0.0,0.0,0.0,0.0,0.6425716284583631,4.442964320760605,51.16033373929084,43.754130311490194
겨지영,0.0,0.0,0.0,0.0,0.0,0.0,0.0,0.0,0.0,0.0,0.0,0.0,0.0,0.0,0.0,0.0,0.0,0.0,0.0,0.0,0.0,0.0,0.0,0.0,0.0,0.0,0.0,0.0,0.0,0.0,0.0,0.0,0.0,0.0,0.0,0.0,0.0,0.0,0.0,0.0,0.0,0.0,0.0,0.0,0.0,0.0,0.0,0.0,0.0,0.0,0.0,0.0,0.0,0.0,0.0,0.0,0.0,0.0,0.0,0.0,0.0,0.0,0.0,0.0,0.0,0.0,0.0,0.0,0.0,0.0,0.0,0.0,0.0,0.0,0.0,0.0,0.0,0.0,0.0,0.0,0.5952196428488393,2.8769756696390516,77.67859495536773,18.849209732144377
결혼직전,0.0,0.0,0.0,0.0,0.0,0.0,0.0,0.0,0.0,0.0,0.0,0.0,0.0,0.0,0.0,0.0,0.0,0.0,0.0,0.0,0.0,0.0,0.0,0.0,0.0,0.0,0.0,0.0,0.0,0.0,0.0,0.0,0.0,0.0,0.0,0.0,0.0,0.0,0.0,0.0,0.0,0.0,0.0,0.0,0.0,0.0,0.0,0.0,0.0,0.0,0.0,0.0,0.0,0.0,0.0,0.0,0.0,0.0,0.0,0.0,0.0,0.0,0.0,0.0,0.0,0.0,0.0,0.0,0.0,0.0,0.0,0.0,0.0,0.0,0.0,0.0,12.096737358544056,4.838600442578928,52.419772725482936,11.29033020168054,4.032193285715411,4.032193285715411,6.451572257703788,4.838600442578928
계급미션,0.0,0.0,0.0,0.0,0.0,0.0,0.0,0.0,0.0,0.0,0.0,0.0,0.0,0.0,0.0,0.0,0.0,0.0,0.0,0.0,0.0,0.0,0.0,0.0,0.0,0.0,0.0,0.0,0.0,0.0,0.0,0.0,0.0,0.0,0.0,0.0,0.0,0.0,0.0,0.0,0.0,0.0,0.0,0.0,0.0,0.0,0.0,0.0,0.0,0.0,0.0,0.0,0.0,0.0,0.0,0.0,0.0,0.0,0.0,0.0,0.0,0.0,0.0,0.0,0.0,0.0,0.0,0.0,0.0,0.0,0.0,0.0,0.0,15.018062799798129,3.249090091483685,1.371839292057261,0.8664136835914139,0.8664136835914139,0.36100217622225134,8.447656799612275,17.61733205276574,5.848373445547979,17.83393899893776,28.519876976392084
고잉셉,0.0,0.0,0.0,0.0,0.0,0.0,0.0,0.0,0.0,0.0,0.0,0.0,0.0,0.0,0.0,0.0,0.0,0.0,0.0,0.0,0.0,0.0,0.0,0.0,0.0,0.0,0.0,0.0,0.0,0.0,0.0,0.0,0.0,0.0,0.0,0.0,0.0,0.0,0.0,0.0,0.0,0.0,0.16531578970648578,0.08265628053582295,0.6777969978409797,0.09918689091601957,1.1902782059754735,1.9507347129871158,2.4136208613461796,2.7277250590137947,3.504712176405634,6.282032295194857,2.0829892819332083,4.397423252363368,3.04182602804657,4.513143982294425,1.8846090428314897,2.94263590849571,4.761119281171573,2.9095714591004773,10.580265428007369,6.827577952724585,3.785751924678016,5.124815309979779,3.984128935144895,0.8100515667870721,1.0084285772539512,1.322532774921566,2.330964580810357,3.0748872488069625,5.372790608856926,1.471317954247855,0.3471621897931682,0.46288614835906405,0.42982169896383104,0.7108614472362127,0.46288614835906405,0.7108614472362127,0.23144145986211212,1.2729377151461363,1.752354473885397,0.4463523093440276,1.4878485646280517,0.3636960288082047
공수치,0.0,0.0,0.0,0.0,0.0,0.0,0.0,0.0,0.0,0.0,0.0,0.0,0.0,0.0,0.0,0.0,0.0,0.0,0.0,0.0,0.0,0.0,0.0,0.0,0.0,0.0,0.0,0.0,0.0,0.0,0.0,0.0,0.0,0.0,0.0,0.0,0.0,0.0,0.0,0.0,0.0,0.0,0.0,0.0,0.0,0.03094281885725745,0.18566194924569912,0.06704462076151443,0.02578585025111969,0.0825165338003586,0.23723566418880027,0.11346035987804695,0.09283047101263413,0.05157270772267026,0.34038107963414077,0.3867968187506733,0.4538414395121878,0.5157290916675644,0.7684366688952088,3.166581175475193,1.8102118111039056,1.3615263329774248,1.340897451332443,1.6915934753992903,0.747807787250227,0.8818980359936868,1.4492008426043523,1.712222357044272,2.0061887047823115,2.7643114364652446,5.822589220668529,8.494070186121139,9.360496309075984,3.5997937333423993,4.1567826027407895,3.285198503959378,4.296028812869956,3.1150074605320923,3.388344926625149,4.089736974758844,3.960804701841952,9.46879970034789,10.072204308862814,4.605467073646839
구경만,0.0,0.0,0.0,0.0,0.0,0.0,0.0,0.0,0.0,0.0,0.0,0.0,0.0,0.0,0.0,0.0,0.0,0.0,0.0,0.0,0.0,0.0,0.0,0.0,0.0,0.0,0.0,0.0,0.0,0.0,0.0,0.0,0.0,0.0,0.0,0.0,0.0,0.0,0.0,0.0,0.0,0.0,0.0,0.0,0.0,0.0,0.0,0.0,0.0,0.0,0.0,2.2491449462988418,1.9607947333076052,0.34600697062228786,0.2883502129912366,0.8650506389737099,0.2883502129912366,0.34600697062228786,1.8454147932095224,0.2883502129912366,0.2883502129912366,15.570977926362758,11.937738672738785,7.958492448492524,0.2883502129912366,0.34600697062228786,1.211057609595998,0.46132048588439034,0.2883502129912366,0.2883502129912366,0.6343571836135246,0.40366372825333907,0.6920139412445757,40.88833918646847,3.863866284148179,0.6920139412445757,1.3840278824891514,0.2883502129912366,0.5767004259824732,2.3068017039298927,0.2883502129912366,0.2883502129912366,0.2883502129912366,0.2883502129912366
국힘,0.0,0.0,0.0,0.0,0.0,0.0,0.0,0.0,0.0,0.0,0.0,0.0,0.0,0.0,0.0,0.0,0.0,0.0,0.0,0.0,0.0,0.0,0.0,0.0,0.0,0.0,0.0,0.0,0.0,0.0,0.0,0.0,0.0,0.0,0.0,0.0,0.0,0.0,0.0,0.0,0.0,0.0,0.0,0.0,0.0,0.0,0.08353176998026679,0.7456834360637292,0.2668975687915958,0.2404107981497464,0.4859161988567227,0.4859161988567227,0.44414914053573784,0.778280913780211,1.703253997277145,0.8903375300913896,2.0648909923425727,1.819385591635596,1.930422583436818,2.5039478769827834,4.3895480485613,11.73330851503916,3.959659571194741,4.341670283165683,3.111087926093485,7.049356502534458,2.966433832065825,3.4971736161117,4.758315375211318,2.8014060211326504,4.9926154662864315,2.979677217386749,2.167778028049248,1.9171803714467446,1.9630212344841511,1.9864514782578329,3.12433131141441,5.190241928266939,2.139255528380039,2.0465541777952696,1.6370394173342244,2.0516476070216476,2.178984511011962,2.5742374349729773
국힘당,0.0,0.0,0.0,0.0,0.0,0.0,0.0,0.0,0.0,0.0,0.0,0.0,0.0,0.0,0.0,0.0,0.0,0.0,0.0,0.0,0.0,0.0,0.0,0.0,0.0,0.0,0.0,0.0,0.0,0.0,0.0,0.0,0.0,0.0,0.0,0.0,0.0,0.0,0.0,0.0,0.0,0.0,0.0,0.0,0.0,0.0,0.8719480966681828,3.8236224352393924,1.6987178230734816,1.269519836454508,1.7920874956865809,1.4020454842774035,1.105371410920538,1.7830521685461616,3.1594955356047922,1.66709331080162,2.5586193950747007,4.019397107606011,5.215126993613104,4.912428790642363,4.508832921242163,5.9952127509922475,6.704518020889733,6.349111719278959,4.6458753653548746,8.611058775557582,4.001326453325172,2.4772979816893517,2.829691351212793,2.240861735349666,2.308631025304779,1.3643951078308796,1.2213302686650795,1.1942225526830341,1.146031250332819,0.897548479326169,1.4863780951892964,1.6505282552840534,0.8207455967914233,1.2062708119107848,0.6234653256615329,0.7439409796958906,0.793637880809378,0.9005614114135002
군백기,0.0,0.0,0.0,0.0,0.0,0.0,0.0,0.0,0.0,0.0,0.0,0.0,0.0,0.0,0.0,0.0,0.0,0.0,0.0,0.0,0.0,0.0,0.0,0.0,0.0,0.0,0.0,0.03575916856078849,0.0255439444993225,0.20435155599458,0.0868470575594335,0.1277197224966125,0.0255439444993225,0.030651556530055496,0.04086678059152148,1.1188318302851146,0.5926183355151505,0.11239100205875599,0.28098338949254753,0.158371279026668,0.8940439418219451,0.6437062245137956,0.6181622800144729,0.8838228334148215,0.4291394444577495,0.5210999983935735,0.6896865014817075,0.459791000987805,2.01287577210706,1.0319788883800236,1.3947076077469291,0.9706757753199124,0.6283833884215965,1.2056788878445481,0.5875107234844176,1.9720031071698805,0.9400183344441995,0.756103110918209,0.750995498887476,0.4853349454871275,0.4853349454871275,0.9808909993813786,0.6028394439222741,0.858278888915499,1.2516591648124602,2.150810718665138,1.5632999951807205,1.4049228318083953,1.6603681611472778,1.246551552781727,2.5441909945620993,1.6961273297080661,2.63104393646719,2.6770242134351023,4.878928705444544,3.785634935313093,5.2671954849651135,7.111484753984039,6.493316589623908,6.442228700625263,7.004195479610359,6.702775757649222,5.665683372892807,4.1790152112100545
극후반,0.0,0.0,0.0,0.0,0.0,0.0,0.0,0.0,0.0,0.0,0.0,0.0,0.0,0.0,0.0,0.0,0.0,0.0,0.0,0.0,0.0,0.0,0.0,0.0,0.0,0.0,0.0,0.0,0.0,0.0,0.0,0.0,0.0,0.0,0.0,0.0,0.0,0.0,0.0,0.0,0.0,0.0,0.0,0.0,0.0,0.0,0.0,0.0,0.0,0.0,0.0,0.0,0.0,0.0,0.0,0.0,0.0,0.0,0.0,0.0,0.0,0.0,0.0,0.0,0.0,0.0,0.0,0.0,0.0,0.0,0.0,0.0,0.0,0.0,0.0,0.0,0.0,0.0,0.0,23.076241527488587,19.23093961812785,19.23093961812785,19.23093961812785,19.23093961812785
글삭,0.0,0.0,0.0,0.0,0.0,0.0,0.0,0.0,0.0,0.0,0.0,0.0,0.0,0.0,0.0,0.0,0.0,0.0,0.0,0.0,0.0,0.0,0.0,0.0,0.0,0.0,0.0,0.0,0.0,0.0,0.0,0.0,0.0,0.0,0.0,0.0,0.0,0.0,0.0,0.0,0.0,0.0,0.0,0.0,0.0,0.0,0.0,0.0,0.0,0.0,0.0,0.0,0.0,0.0,0.0,0.0,0.0,0.0,0.0,0.0,0.0,0.0,0.0,0.0,0.0,0.0,0.0,0.0,0.0,0.0,0.0,0.0,0.0,0.0,0.0,0.0,0.0,0.0,13.636363636363638,19.696969696969695,22.727272727272727,13.636363636363638,13.636363636363638,16.666666666666668
남트,0.0,0.0,0.0,0.0,0.0,0.0,0.0,0.0,0.0,0.0,0.0,0.0,0.0,0.0,0.0,0.0,0.0,0.0,0.0,0.0,0.0,0.0,0.0,0.0,0.0,0.0,0.0,0.0,0.0,0.0,0.0,0.0,0.0,0.0,0.0,0.0,0.0,0.0,0.0,0.0,0.0,0.0,0.0,0.0,0.0,0.0,0.0,0.0,0.0,0.0,0.0,0.0,0.0,0.0,0.0,0.0,0.0,0.0,0.0,0.0,0.0,0.0,0.0,0.0,0.0,0.0,0.0,0.0,0.0,0.0,0.0,0.0,0.0,0.0,0.0,0.0,0.0,0.0,0.0,7.857142857142856,15.0,44.99999999999999,6.428571428571428,25.71428571428571
냉터뷰,0.0,0.0,0.0,0.0,0.0,0.0,0.0,0.0,0.0,0.0,0.0,0.0,0.0,0.0,0.0,0.0,0.0,0.0,0.0,0.0,0.0,0.0,0.0,0.0,0.0,0.0,0.0,0.0,0.0,0.0,0.0,0.0,0.0,0.0,0.0,0.0,0.0,0.0,0.0,0.0,0.0,0.0,0.0,0.0,0.0,0.0,0.0,0.0,0.0,0.0,0.0,0.0,0.0,0.0,0.0,0.0,0.0,0.0,0.0,0.0,0.0,0.0,0.0,0.0,0.0,2.1694326933506893,0.9437032216075497,0.2603319232020827,1.3287775246772973,3.6392233430957814,1.3830133420110646,0.6182883176049464,0.2603319232020827,9.681093394077452,36.52782297429223,10.65733810608526,7.03438550818961,3.9700618288317613,1.1118342553422282,1.529450048812236,1.686733919080161,2.4785768521531626,2.695520121488231,12.024080702896194
뉴진스,0.0,0.0,0.0,0.0,0.0,0.0,0.0,0.0,0.0,0.0,0.0,0.0,0.0,0.0,0.0,0.0,0.0,0.0,0.0,0.0,0.0,0.0,0.0,0.0,0.0,0.0,0.0,0.0,0.0,0.0,0.0,0.0,0.0,0.0,0.0,0.0,0.0,0.0,0.0,0.0,0.0,0.0,0.0,0.0,0.0,0.0,0.0,0.0,0.0,0.0,0.0,0.0,0.0,0.0,0.0,2.078914196974348e-05,8.315656787897392e-05,7.39169492257546e-05,2.540895129635314e-05,7.39169492257546e-05,8.315656787897392e-05,0.0003025975108929329,0.00010625561451202225,4.8507997929401455e-05,0.0001547636124414237,2.078914196974348e-05,6.69872352358401e-05,0.00038806398343521164,0.00038806398343521164,2.7555407105682526,23.09904663304831,8.05768663509951,5.715637338500127,4.277275873992852,7.729837246427327,10.476803590885392,6.469345370708514,4.359411464010645,3.6375362279672627,2.9786497821875395,2.481629905688902,6.8236454776801985,8.567050642118847,2.56906672690898
뉴진스해린,0.0,0.0,0.0,0.0,0.0,0.0,0.0,0.0,0.0,0.0,0.0,0.0,0.0,0.0,0.0,0.0,0.0,0.0,0.0,0.0,0.0,0.0,0.0,0.0,0.0,0.0,0.0,0.0,0.0,0.0,0.0,0.0,0.0,0.0,0.0,0.0,0.0,0.0,0.0,0.0,0.0,0.0,0.0,0.0,0.0,0.0,0.0,0.0,0.0,0.0,0.0,0.0,0.0,0.0,0.0,0.0,0.0,0.0,0.0,0.0,0.0,0.0,0.0,0.0,0.0,0.0,0.0,0.0,0.0,0.36694109123445007,17.251757608353298,7.672572099154689,5.831468611405109,5.025382422189492,7.351042229475518,12.95431986374989,7.668756306543016,4.928984316598945,4.0423388506076074,3.0736045013194913,2.6051008265631803,6.891666851699714,10.944400447697737,3.391663973407873
니돈,0.0,0.0,0.0,0.0,0.0,0.0,0.0,0.0,0.0,0.0,0.0,0.0,0.0,0.0,0.0,0.0,0.0,0.0,0.0,0.0,0.0,0.0,0.0,0.0,0.0,0.0,0.0,0.0,0.0,0.0,0.0,0.0,0.0,0.0,0.0,0.0,0.0,0.0,0.0,0.0,0.0,0.0,0.0,0.0,0.0,0.0,0.0,0.0,0.0,0.0,0.0,0.0,0.0,0.0,0.0,0.0,0.0,0.0,0.0,0.0,0.0,0.0,0.0,0.0,0.0,0.0,0.0,0.0,0.0,0.0,0.0,0.0,0.0,0.0,0.0,0.0,0.0,0.0,0.0,0.0,22.222231563796317,22.222231563796317,37.03702458160491,18.518512290802455
다른걸,0.0,0.0,0.0,0.0,0.0,0.0,0.0,0.0,0.0,0.0,0.0,0.0,0.0,0.0,0.0,0.0,0.0,0.0,0.0,0.0,0.0,0.0,0.0,0.0,0.0,0.0,0.0,0.0,0.0,0.0,0.0,0.0,0.0,0.0,0.0,0.0,0.0,0.0,0.0,0.0,0.0,0.0,0.0,0.0,0.0,0.0,0.0,0.0,0.0,0.0,0.0,0.0,0.0,0.0,0.0,0.0,0.0,0.0,0.0,0.0,0.0,0.0,0.0,0.0,0.0,0.0,0.0,0.0,0.0,0.0,0.0,0.0,0.0,0.0,0.0,0.0,0.0,0.0,0.0,18.518512290802455,22.222231563796317,18.518512290802455,22.222231563796317,18.518512290802455
달고사,0.0,0.0,0.0,0.0,0.0,0.0,0.0,0.0,0.0,0.0,0.0,0.0,0.0,0.0,0.0,0.0,0.0,0.0,0.0,0.0,0.0,0.0,0.0,0.0,0.0,0.0,0.0,0.0,0.0,0.0,0.0,0.0,0.0,0.0,0.0,0.0,0.0,0.0,0.0,0.0,0.0,0.0,0.0,0.0,0.0,0.0,0.0,0.0,0.0,0.0,0.0,0.0,0.0,0.0,0.0,0.0,0.0,0.0,0.0,0.0,0.0,0.0,0.0,0.0,0.0,0.0,0.0,0.0,0.0,0.0,0.0,0.0,0.0,0.0,0.0,0.0,0.0,0.0,2.985073446944043,5.970146893888086,6.467661017301358,2.4875593235307707,73.63185310091689,8.457706217418856
댓삭,0.0,0.0,0.0,0.0,0.0,0.0,0.0,0.0,0.0,0.0,0.0,0.0,0.0,0.0,0.0,0.0,0.0,0.0,0.0,0.0,0.0,0.0,0.0,0.0,0.0,0.0,0.0,0.0,0.0,0.0,0.0,0.0,0.0,0.0,0.0,0.0,0.0,0.0,0.0,0.0,0.0,0.0,0.0,0.0,0.0,0.0,0.0,0.0,0.0,0.0,0.0,0.0,0.0,0.0,0.0,0.0,0.0,0.0,0.0,0.0,0.42808165432499706,0.42808165432499706,0.42808165432499706,0.42808165432499706,2.996575467261998,2.0547934955547933,1.626711841229796,1.626711841229796,3.8527387759119915,0.8561633086499941,7.705479495317494,4.537670588928092,2.397260373809598,4.880137467182898,10.445206747381896,16.1815094667083,19.434935092661398,14.982879279803498,0.8561633086499941,1.9691767759910919,0.5136983738886983,0.5136983738886983,0.42808165432499706,0.42808165432499706
돈라,0.0,0.0,0.0,0.0,0.0,0.0,0.0,0.0,0.0,0.0,0.0,0.0,0.0,0.0,0.0,0.0,0.0,0.0,0.0,0.0,0.0,0.0,0.0,0.0,0.0,0.0,0.0,0.0,0.0,0.0,0.0,0.0,0.0,0.0,0.0,0.0,0.0,0.0,0.0,0.0,0.0,0.0,0.0,0.0,0.0,0.0,0.0,0.0,0.0,0.0,0.0,0.0,0.0,0.0,0.0,0.0,0.0,0.0,0.0,0.0,0.0,0.0,0.0,0.0,0.0,0.0,0.0,0.0,0.0,0.0,0.0,0.0,0.0,0.0,0.0,0.0,0.0,0.0,0.0,0.0,21.951206008310425,41.463432189196446,21.951206008310425,14.634155794182702
동남아삘,0.0,0.0,0.0,0.0,0.0,0.0,0.0,0.0,0.0,0.0,0.0,0.0,0.0,0.0,0.0,0.0,0.0,0.0,0.0,0.0,0.0,0.0,0.0,0.0,0.0,0.0,0.0,0.0,0.0,0.0,0.0,0.0,0.0,0.0,0.0,0.0,0.0,0.0,0.0,0.12730212716710976,0.05866827830302406,0.04886344275101183,0.17632630492717097,0.10769245606308529,0.05866827830302406,0.04886344275101183,0.04886344275101183,0.04886344275101183,0.26456982489528114,1.3721947722545658,0.22535048268723215,0.24496015379125666,0.5685197270076605,0.43125202927948925,1.715364016574994,1.4800479633267,1.284111987295505,2.1956402236145447,2.097591868094422,1.6467301677109085,1.7251688521270063,0.960552414079101,1.1566491251193456,2.793574457278242,2.950451826110438,2.8033792928302543,3.087719523838609,3.5385812242221233,4.509099208862286,5.989147172188986,5.940122994428925,4.214954142301918,4.842302882621652,2.950451826110438,2.754355115070193,3.028890510526536,2.9210373194544013,5.322579089661202,4.430660524446187,4.342417004478078,4.107100951229784,4.381636346686126,3.715068264158343,3.2836554998698047
두어요,0.0,0.0,0.0,0.0,0.0,0.0,0.0,0.0,0.0,0.0,0.0,0.0,0.0,0.0,0.0,0.0,0.0,0.0,0.0,0.0,0.0,0.0,0.0,0.0,0.0,0.0,0.0,0.0,0.0,0.0,0.0,0.0,0.0,0.0,0.0,0.0,0.0,0.0,0.0,0.0,0.0,0.0,0.0,0.0,0.0,0.0,0.0,0.0,0.0,0.0,0.0,0.0,0.0,0.0,0.0,0.0,0.0,0.0,0.0,0.0,0.0,0.0,0.0,0.0,0.0,0.0,0.0,0.0,0.0,0.0,0.0,0.0,0.0,0.0,0.0,0.0,0.0,0.0,0.0,0.0,81.62830036037363,13.900125027579616,2.235787306023388,2.235787306023388
딸집,0.0,0.0,0.0,0.0,0.0,0.0,0.0,0.0,0.0,0.0,0.0,0.0,0.0,0.0,0.0,0.0,0.0,0.0,0.0,0.0,0.0,0.0,0.0,0.0,0.0,0.0,0.0,0.0,0.0,0.0,0.0,0.0,0.0,0.0,0.0,0.0,0.0,0.0,0.0,0.0,0.0,0.0,0.0,0.0,0.0,0.0,0.0,0.0,0.0,0.0,0.0,0.0,0.0,0.0,0.0,0.0,0.0,0.0,0.0,0.0,0.0,0.0,0.0,0.0,1.432221624529317,1.0220548682087145,1.2271382463690157,2.6627218934911245,1.0220548682087145,1.432221624529317,4.303388918773535,1.8423883808499193,2.252555137170522,2.457638515330823,7.584722969338355,2.457638515330823,1.0220548682087145,1.0220548682087145,1.432221624529317,2.0474717590102207,1.0220548682087145,54.74045185583647,1.0220548682087145,7.994889725658956
레드릭,0.0,0.0,0.0,0.0,0.0,0.0,0.0,0.0,0.0,0.0,0.0,0.0,0.0,0.0,0.0,0.0,0.0,0.0,0.0,0.0,0.0,0.0,0.0,0.0,0.0,0.0,0.0,0.0,0.0,0.0,0.0019548672593687018,0.0019548672593687018,0.0027393863568785093,0.0019548672593687018,0.0027393863568785093,0.002347126808123605,0.0019548672593687018,0.0019548672593687018,0.002347126808123605,0.0019548672593687018,0.0019548672593687018,0.003916165003143221,0.0031316459056334135,0.0019548672593687018,0.007054241393182453,0.003916165003143221,0.0019548672593687018,0.0019548672593687018,0.004308424551898125,0.005092943649407933,0.008623279588202068,0.004308424551898125,0.0047006841006530286,0.004308424551898125,0.008623279588202068,0.003916165003143221,0.005485203198162836,0.0027393863568785093,0.005485203198162836,0.002347126808123605,0.0027393863568785093,0.01489943236828053,0.0047006841006530286,0.0019548672593687018,0.002347126808123605,0.02078332559960409,0.018429768307074667,0.0219601042458688,0.002347126808123605,0.007446500941937356,0.013330394173260913,0.0019548672593687018,0.002347126808123605,0.12627542227704996,0.003916165003143221,0.004308424551898125,0.003916165003143221,0.031760162480335585,0.005092943649407933,0.01568395146579034,0.17176466896380718,0.03882083435792385,35.070698031654445,64.30484405818096
류지니,0.0,0.0,0.0,0.0,0.0,0.0,0.0,0.0,0.0,0.0,0.0,0.0,0.0,0.0,0.0,0.0,0.0,0.0,0.0,0.0,0.0,0.0,0.0,0.0,0.0,0.0,0.0,0.0,0.0,0.0,0.0,0.0,0.0,0.0,0.0,0.0,0.0,0.0,0.0,0.0,0.0,0.0,0.0,0.0,0.0,0.0,0.0,0.0,0.0,0.0,0.0,0.0,0.0,0.0,0.0,0.0,0.0,0.0,0.0,0.0,0.0,0.0,0.0,0.0,0.0,0.0,0.0,0.0,0.0,0.5992152742435932,2.4017861540229504,1.3002150608244543,0.49907244758918445,2.0012148474053153,0.7995009275524106,0.999786580861228,0.5992152742435932,11.312856040582467,8.308571240950206,0.999786580861228,13.814785021259826,52.16127920148407,3.7036429005302636,0.49907244758918445
리사팬,0.0,0.0,0.0,0.0,0.0,0.0,0.0,0.0,0.0,0.0,0.0,0.0,0.0,0.0,0.0,0.0,0.0,0.0,0.0,0.0,0.0,0.0,0.0,0.0,0.0,0.0,0.0,0.0,0.0,0.0,0.0,0.0,0.0,0.0,0.0,0.0,0.0,0.0,0.0,0.0,0.0,0.0,0.0,0.0,0.0,0.0,0.0,0.0,0.0,0.0,0.0,0.0,0.0,0.0,0.0,0.0,0.0,0.0,0.0,0.0,0.0,0.0,0.0,0.0,0.0,0.0,0.0,0.0,0.0,0.0,0.0,0.0,0.0,0.0,0.0,0.0,0.0,0.0,6.930701592042798,4.950439651721807,17.8217835986738,46.534792670032374,7.9207608291764044,15.841521658352809
립제,0.0,0.0,0.0,0.0,0.0,0.0,0.0,0.0,0.0,0.0,0.0,0.0,0.0,0.0,0.0,0.0,0.0,0.0,0.0,0.0,0.0,0.0,0.0,0.0,0.0,0.0,0.0,0.0,0.0,0.0,0.0,0.0,0.0,0.0,0.0,0.0,0.0,0.0,0.0,0.0,0.0,0.0,0.0,0.0,0.0,0.0,0.0,0.0,0.0,0.0,0.0,0.0,0.0,0.0,0.0,0.0,0.0,0.0,0.0,0.0,0.0,0.0,8.308716692154821,26.754068283819883,17.983755625343836,21.898084496999296,9.047268097943324,4.8375181288910944,3.1019201849626454,0.683159782813684,0.44313030839173717,0.42466732586907296,0.8493346517381459,0.2031008339697903,0.49852193136655787,0.8493346517381459,0.22156381649245438,0.11078057054281298,0.2954184219899392,0.2031008339697903,0.49852193136655787,0.1292462284723055,0.7939430287633255,1.8648441724007543
모든법,0.0,0.0,0.0,0.0,0.0,0.0,0.0,0.0,0.0,0.0,0.0,0.0,0.0,0.0,0.0,0.0,0.0,0.0,0.0,0.0,0.0,0.0,0.0,0.0,0.0,0.0,0.0,0.0,0.0,0.0,0.0,0.0,0.0,0.0,0.0,0.0,0.0,0.0,0.0,0.0,0.0,0.0,0.0,0.0,0.0,0.0,0.0,0.0,0.0,0.0,0.0,0.0,0.0,0.0,0.0,0.0,0.0,0.0,0.0,0.0,0.0,0.0,0.0,0.0,0.0,0.0,0.0,0.0,0.0,0.0,0.0,0.0,4.761871904458959,4.761871904458959,4.761871904458959,4.761871904458959,11.428575371464925,4.761871904458959,15.238100495286567,16.190585277196252,19.047763620380582,4.761871904458959,4.761871904458959,4.761871904458959
미친인간,0.0,0.0,0.0,0.0,0.0,0.0,0.0,0.0,0.0,0.0,0.0,0.0,0.0,0.0,0.0,0.0,0.0,0.0,0.0,0.0,0.0,0.0,0.0,0.0,0.0,0.0,0.0,0.0,0.0,0.0,0.0,0.0,0.0,0.0,0.0,0.0,0.0,0.0,0.0,0.0,0.0,0.0,0.0,0.0,0.0,0.0,0.0,0.0,0.0,0.0,0.0,0.0,0.0,0.0,0.0,0.0,0.0,0.0,0.0,0.0,0.0,0.0,0.8064365348255472,0.8064365348255472,0.6720336916630117,0.6720336916630117,0.8064365348255472,3.6290325721911354,2.150523394001906,0.6720336916630117,0.6720336916630117,0.6720336916630117,74.46252495830223,3.091401723690659,1.3440868591763588,0.6720336916630117,1.3440868591763588,0.6720336916630117,0.6720336916630117,0.6720336916630117,0.6720336916630117,1.3440868591763588,2.822576561515253,0.6720336916630117
백만배,0.0,0.0,0.0,0.0,0.0,0.0,0.0,0.0,0.0,0.0,0.0,0.0,0.0,0.0,0.0,0.0,0.0,0.0,0.0,0.0,0.0,0.0,0.0,0.0,0.0,0.0,0.0,0.0,0.0,0.0,0.0,0.0,0.0,0.0,0.0,0.0,0.0,0.0,0.0,0.0,0.0,0.0,0.0,0.0,0.0,0.0,0.0,0.0,0.0,0.0,0.0,0.0,0.0,0.0,0.0,0.0,0.0,0.0,0.0,0.0,0.0,0.0,0.0,0.0,3.4964843643128773,3.4964843643128773,3.4964843643128773,3.4964843643128773,3.4964843643128773,3.4964843643128773,3.4964843643128773,6.993070058376068,3.4964843643128773,8.391623272201095,3.4964843643128773,3.4964843643128773,3.4964843643128773,3.4964843643128773,3.4964843643128773,3.4964843643128773,7.692346665288581,16.084071267239988,7.692346665288581,4.19576097122539
뱅투,0.0,0.0,0.0,0.0,0.0,0.0,0.0,0.0,0.0,0.0,0.0,0.0,0.0,0.0,0.0,0.0,0.0,0.0,0.0,0.0,0.0,0.0,0.0,0.0,0.0,0.0,0.0,0.0,0.0,0.0,0.0,0.0,0.0,0.0,0.0,0.0,0.0,0.0,0.0,0.0,0.0,0.0,0.0,0.0,0.0,0.0,0.0,0.0,0.0,0.0,0.0,0.0,0.0,0.0,0.0,0.0,0.0,0.0,0.0,0.0,0.0,0.0,0.0,0.0,0.0,0.0,0.0,0.0,0.0,0.21749499189163404,4.171255625991865,21.21894322409442,25.317700519455737,16.648599897669815,6.383668797100066,6.021003702964973,1.3056637152792832,1.4870829828380145,0.39891425945036546,0.21749499189163404,0.5803335270090968,0.4351634247656378,2.2850849427211153,13.311595396876324
벅키,0.0,0.0,0.0,0.0,0.0,0.0,0.0,0.0,0.0,0.0,0.0,0.0,0.0,0.0,0.0,0.0,0.0,0.0,0.0,0.0,0.0,0.0,0.0,0.0,0.0,0.0,0.0,0.0,0.0,0.0,0.0,0.0,0.0,0.0,0.0,0.0,0.0,0.0,0.0,0.0,0.0,0.0,0.0,0.0,0.0,0.0,0.0,0.0,0.0,0.0,0.0,0.08961801392880062,0.013629018126594106,0.01558533651797125,0.009735012947567219,0.013629018126594106,0.009735012947567219,0.021426344286511582,0.021426344286511582,0.013629018126594106,0.023373346876025027,0.009735012947567219,0.050650014732940646,0.0487030121434272,0.013629018126594106,0.062341346071885,0.013629018126594106,0.042852688573023164,0.009735012947567219,0.06623535125091189,0.09156501651831407,0.01947934169699814,0.042852688573023164,0.009735012947567219,0.009735012947567219,0.009735012947567219,0.009735012947567219,0.03895868339399628,0.03311767562545594,0.027267352055051916,0.24547137910851316,0.13052369991231036,5.624508533227928,93.15801863700689
번더,0.0,0.0,0.0,0.0,0.0,0.0,0.0,0.0,0.0,0.0,0.0,0.0,0.0,0.0,0.0,0.0,0.0,0.0,0.0,0.0,0.0,0.0,0.0,0.0,0.0,0.0,0.0,0.0,0.0,0.0,0.0,0.0,0.0,0.0,0.0,0.0,0.0,0.0,0.0,0.0,0.0,0.0,0.0,0.0,0.0,0.0,0.0,0.0,0.0,0.0,0.0,0.0,0.0,0.0,0.0,0.0,0.0,0.0,0.0,0.0,0.0,0.8134912213686458,2.2929841687534482,2.218708883324137,2.736513730317049,1.2573744747676243,3.8460450178968064,5.251616371687676,0.5174511551575344,7.618522134035058,48.226942829251726,1.2573744747676243,1.0352560021504464,15.90304599408627,1.7751793217605363,0.5174511551575344,0.36960796796966733,1.4052176619554915,0.36960796796966733,0.36960796796966733,0.36960796796966733,0.5174511551575344,0.8874128149625793,0.4435295615636009
범진보,0.0,0.0,0.0,0.0,0.0,0.0,0.0,0.0,0.0,0.0,0.0,0.0,0.0,0.0,0.0,0.0,0.0,0.0,0.0,0.0,0.0,0.0,0.0,0.0,0.0,0.0,0.0,0.0,0.0,0.0,0.0,0.0,0.0,0.0,0.0,0.0,0.0,0.0,0.0,0.0,0.0,0.0,0.0,0.0,0.0,0.0,0.0,0.0,0.0,0.0,0.0,0.47779382130333364,0.5574472811513257,0.9291211145137488,0.41146882884026464,0.19903844628151623,2.5218729670120434,1.2211414880281801,1.380384938831855,0.13271345381844724,0.2786919061295082,0.07958999095568285,0.33181536899227265,0.06632499246306904,0.22563191215905304,0.07958999095568285,0.07958999095568285,0.26542690763689447,3.4643225489107152,82.22801199562065,1.07509956682481,0.14597845231106105,0.15924345080367486,0.4512638243181061,0.14597845231106105,0.25216190914428066,0.22563191215905304,0.25216190914428066,0.06632499246306904,0.6105707440140901,0.4512638243181061,0.11944845532583341,0.2123669136664392,0.9025276486362122
변호사님,0.0,0.0,0.0,0.0,0.0,0.0,0.0,0.0,0.0,0.0,0.0,0.0,0.0,0.0,0.0,0.0,0.0,0.0,0.0,0.0,0.0,0.0,0.0,0.0,0.0,0.0,0.0,0.0,0.0,0.0,0.0,0.0,0.0,0.0,0.0,0.0,0.0,0.0,0.0,0.0,0.0,0.0,0.0,0.0,0.0,0.7843670443943305,0.5879236543158939,0.5879236543158939,0.4899363785965781,1.2743034229909087,7.157290675268289,10.687176794362681,32.355961048885796,10.883151345801313,1.6667213645079764,0.4899363785965781,1.0783288715522774,1.0783288715522774,0.4899363785965781,0.4899363785965781,0.4899363785965781,0.4899363785965781,0.4899363785965781,0.4899363785965781,0.9803415958329618,4.706202266365983,6.470910906593275,1.0783288715522774,0.4899363785965781,0.4899363785965781,0.4899363785965781,0.4899363785965781,0.5879236543158939,1.4702779744295398,1.6667213645079764,1.1763161472715933,1.6667213645079764,0.4899363785965781,1.568734088788661,0.4899363785965781,0.9803415958329618,0.9803415958329618,1.0783288715522774,0.5879236543158939
별의별걸,0.0,0.0,0.0,0.0,0.0,0.0,0.0,0.0,0.0,0.0,0.0,0.0,0.0,0.0,0.0,0.0,0.0,0.0,0.0,0.0,0.0,0.0,0.0,0.0,0.0,0.0,0.0,0.0,0.0,0.6182889698515397,0.20609632328384658,0.20609632328384658,0.49464201022599635,0.45341732839684473,0.20609632328384658,0.9480593386228411,0.9068346567936895,0.7007383335098429,0.6182889698515397,0.20609632328384658,0.32974328290939,0.41219264656769317,0.24732100511299818,0.20609632328384658,0.20609632328384658,0.20609632328384658,0.45341732839684473,0.6182889698515397,0.24732100511299818,0.49464201022599635,0.20609632328384658,1.1953803437358392,1.4427013488488374,0.6595136516806914,0.24732100511299818,0.49464201022599635,0.24732100511299818,0.20609632328384658,0.20609632328384658,0.20609632328384658,0.20609632328384658,0.20609632328384658,1.3602519851905341,0.6182889698515397,0.20609632328384658,0.45341732839684473,0.20609632328384658,0.20609632328384658,0.20609632328384658,0.20609632328384658,0.20609632328384658,0.6595136516806914,0.28851860108023836,0.41219264656769317,0.20609632328384658,0.28851860108023836,0.28851860108023836,0.6595136516806914,0.20609632328384658,0.32974328290939,0.24732100511299818,0.41219264656769317,1.3602519851905341,76.46365903450278
보넥,0.0,0.0,0.0,0.0,0.0,0.0,0.0,0.0,0.0,0.0,0.0,0.0,0.0,0.0,0.0,0.0,0.0,0.0,0.0,0.0,0.0,0.0,0.0,0.0,0.0,0.0,0.0,0.0,0.0,0.0,0.0,0.0,0.0,0.0,0.0,0.0,0.0,0.0,0.0,0.0,0.0,0.0,0.0,0.0,0.0,0.0,0.0,0.0,0.0,0.0,0.0,0.0,0.0,0.0,0.0,0.0,0.0,0.0,0.0,0.0,0.0,0.0,0.0,0.0,0.0,0.0,0.0,0.0,0.0,0.0,0.0,0.0,0.0,0.0,0.0,0.0,0.0,0.2319229838028402,0.430729664717573,11.232610130758228,25.01656903780266,8.349902371135997,9.741549137539126,44.99671667424357
본사람,0.0,0.0,0.0,0.0,0.0,0.0,0.0,0.0,0.0,0.0,0.0,0.0,0.0,0.0,0.0,0.0,0.0,0.0,0.0,0.0,0.0,0.0,0.0,0.0,0.0,0.0,0.0,0.0,0.0,0.0,0.0,0.0,0.0,0.0,0.0,0.0,0.0,0.0,0.0,0.0,0.0,0.0,0.0,0.0,0.0,0.0,0.0,0.0,0.0,0.0,0.0,0.0,0.0,0.0,0.0,0.0,0.0,0.0,0.0,0.0,0.0,0.0,0.0,0.0,0.0,0.0,0.0,0.0,0.0,4.854319380913192,4.854319380913192,11.650621702488726,4.854319380913192,5.825310851244363,4.854319380913192,4.854319380913192,10.679630232157553,5.825310851244363,4.854319380913192,4.854319380913192,4.854319380913192,10.679630232157553,4.854319380913192,11.650621702488726
뻔뻐,0.0,0.0,0.0,0.0,0.0,0.0,0.0,0.0,0.0,0.0,0.0,0.0,0.0,0.0,0.0,0.0,0.0,0.0,0.0,0.0,0.0,0.0,0.0,0.0,0.0,0.0,0.0,0.0,0.0,0.0,0.0,0.0,0.0,0.0,0.0,0.0,0.0,0.0,0.0,0.0,0.0,0.0,0.0,0.0,0.0,0.0,0.0,0.0,0.0,0.0,0.0,0.0,0.0,0.0,0.0,0.0,0.0,0.0,0.0,0.0,0.0,0.0,0.0,0.0,0.5847964452368967,1.8518020389420249,5.555534207165629,1.072116142072681,0.48731969683578436,3.4113019230202672,1.2670055937051283,2.3391857809475867,1.072116142072681,0.48731969683578436,0.48731969683578436,0.48731969683578436,0.9746393936715687,13.060475292013951,57.01781352352185,6.3352841492047505,1.8518020389420249,0.48731969683578436,0.48731969683578436,0.6822091484682317
서클차트,0.0,0.0,0.0,0.0,0.0,0.0,0.0,0.0,0.0,0.0,0.0,0.0,0.0,0.0,0.0,0.0,0.0,0.0,0.0,0.0,0.0,0.0,0.0,0.0,0.0,0.0,0.0,0.0,0.0,0.0,0.0,0.0,0.0,0.0,0.0,0.0,0.0,0.0,0.0,0.0,0.0,0.0,0.0,0.0,0.0,0.0,0.0,0.0,0.0,0.0,0.0,0.0,0.0,0.0,0.0,0.0,0.0,0.0,0.0,0.0,0.0,0.0,0.0,0.0,0.0,0.0,0.0,0.0,0.0,2.6916481379407795,3.5191168234227135,3.928095096151205,4.165873597721037,4.337073368879697,4.156361457696085,11.175577074255095,31.248817427565474,5.730455013093097,4.199162962926621,5.017119508383605,5.145520899193471,4.4702308297020386,5.739964028236306,4.47498377483277
성한빈,0.0,0.0,0.0,0.0,0.0,0.0,0.0,0.0,0.0,0.0,0.0,0.0,0.0,0.0,0.0,0.0,0.0,0.0,0.0,0.0,0.0,0.0,0.0,0.0,0.0,0.0,0.0,0.0,0.0,0.0,0.0,0.0,0.0,0.0,0.0,0.0,0.0,0.0,0.0,0.0,0.0,0.0,0.0,0.0,0.0,0.0,0.0,0.0,0.0,0.0,0.0,0.0,0.0,0.0,0.0,0.0,0.0,0.0,0.0,0.0,0.0,0.0,0.0,0.0,0.0007360071245489657,0.0004968048090705518,0.0009016087275724828,0.0004048039185019311,0.0012328119336195175,0.0008280080151175863,0.0008280080151175863,0.0004048039185019311,0.0004048039185019311,0.0004048039185019311,0.33250961869310897,0.9654205452708783,23.320735344718134,20.412219190281757,21.345715426525327,8.009965536466392,4.761358889954055,8.341739148034952,7.367486517269486,5.136207318486842
세법상,0.0,0.0,0.0,0.0,0.0,0.0,0.0,0.0,0.0,0.0,0.0,0.0,0.0,0.0,0.0,0.0,0.0,0.0,0.0,0.0,0.0,0.0,0.0,0.0,0.0,0.0,0.0,0.0,0.0,0.0,0.0,0.0,0.0,0.0,0.0,0.0,0.0,0.0,0.0,0.0,0.0,0.0,0.0,0.0,0.0,0.0,0.0,0.0,0.0,0.0,0.0,0.0,0.0,0.0,0.0,0.0,0.0,0.0,0.0,0.0,0.0,0.0,0.0,0.0,0.0,0.0,0.0,0.0,0.0,0.0,0.0,0.0,9.090909090909092,7.407407407407408,7.407407407407408,12.121212121212121,7.407407407407408,7.407407407407408,7.407407407407408,10.437710437710438,7.407407407407408,7.407407407407408,9.090909090909092,7.407407407407408
셩셩,0.0,0.0,0.0,0.0,0.0,0.0,0.0,0.0,0.0,0.0,0.0,0.0,0.0,0.0,0.0,0.0,0.0,0.0,0.0,0.0,0.0,0.0,0.0,0.0,0.0,0.0,0.0,0.0,0.0,0.0,0.0,0.0,0.0,0.0,0.0,0.0,0.0,0.0,0.0,0.0,0.0,0.0,0.0,0.0,0.0,0.0,0.0,0.0,0.0,0.022606068701897884,0.11097524635477142,0.022606068701897884,0.027743811588692855,0.05548762317738571,0.059597817486821685,0.06884575468305265,0.027743811588692855,0.15721493233592618,0.4038265909020849,0.14385680083025926,0.385330716509623,0.2692177272680566,0.6083087577965248,0.38944091081905896,0.4315704024907777,0.7192840041512963,1.4118517452912587,1.1652400867250998,2.693204821257925,3.0322958517863934,4.244803173070006,3.0230479145901623,8.076531818041698,3.1350507095222926,4.519158643224858,5.837503467976449,4.9414811085194055,4.959976982911867,5.024712543285484,12.107604887021035,8.572837780906092,6.069729446459581,5.033960480481714,12.247351493541858
쇼장,0.0,0.0,0.0,0.0,0.0,0.0,0.0,0.0,0.0,0.0,0.0,0.0,0.0,0.0,0.0,0.0,0.0,0.0,0.0,0.0,0.0,0.0,0.0,0.0,0.0,0.0,0.0,0.0,0.0,0.0,0.0,0.0,0.0,0.0,0.0,0.0,0.0,0.0,0.0,0.0,0.0,0.0,0.0,0.0,0.0,0.0,0.0,0.0,0.0,0.0,0.0,0.0,0.0,0.0,0.0,0.0,0.0,0.0,0.0,0.0,0.0,0.0,0.0,0.0,0.0,0.0,0.0,0.0,0.0,0.0,0.0,0.0,0.0,3.1141868512110733,3.1141868512110733,2.537485582468282,2.537485582468282,2.537485582468282,2.537485582468282,72.89504036908883,2.537485582468282,2.537485582468282,2.537485582468282,3.1141868512110733
스맨파,0.0,0.0,0.0,0.0,0.0,0.0,0.0,0.0,0.0,0.0,0.0,0.0,0.0,0.0,0.0,0.0,0.0,0.0,0.0,0.0,0.0,0.0,0.0,0.0,0.0,0.0,0.0,0.0,0.0,0.0,0.0,0.0,0.0,0.0,0.0,0.0,0.0,0.0,0.0,0.0,0.0,0.0,0.0,0.0,0.0,0.0,0.0,0.0,0.0,0.0,0.0,0.0,0.0,0.0,0.0,0.0,0.0,0.0,0.0,0.006347311042067691,0.03543000578619066,0.1341975232831056,0.10149240585881988,0.7122322240261153,0.18730056093312056,1.2033933512594825,0.523643475348445,2.44618781338234,1.9794699678882883,6.097538218334972,14.093468061628705,32.285407131575234,25.670366122328243,11.75157502744421,0.5526551421968786,0.4069704710563584,0.17732114158875065,0.12583560283602763,0.12014368555873091,0.12113484755767027,0.15680053681592143,0.13018444717665079,0.4110578035992159,0.5698471214944424
스우파,0.0,0.0,0.0,0.0,0.0,0.0,0.0,0.0,0.0,0.0,0.0,0.0,0.0,0.0,0.0,0.0,0.0,0.0,0.0,0.0,0.0,0.0,0.0,0.0,0.0,0.0,0.0,0.0,0.0,0.0,0.0,0.0,0.0,0.0,0.0,0.0,0.0,0.0,0.0,0.0,0.0,0.0,0.0,0.0,0.0,0.0,0.0,0.0,0.0,0.0,0.0,0.0,0.0,0.0,0.0,0.0,0.00010203878057746001,0.013655603704176632,1.4367306605811212,28.29919262342656,35.185786406020696,9.20293743611801,4.665987135302404,2.7379819691845007,1.081065694431783,0.8022253743213501,0.5764452201111965,0.7915429695684822,0.7479864845764692,0.7043033307533945,0.8076439854278772,1.306592510979813,0.8127318501421877,0.4621266000780352,0.23757794839209234,0.21323642135640722,0.20043935084053752,0.1860026226781472,0.21057285732547143,0.24696551620521867,0.49874092941214043,0.3599646692481541,2.762668316926965,5.448793474106272
쓰니님,0.0,0.0,0.0,0.0,0.0,0.0,0.0,0.0,0.0,0.0,0.0,0.0,0.0,0.0,0.0,0.0,0.0,0.0,0.0,0.0,0.0,0.0,0.0,0.0,0.0,0.0,0.0,0.0,0.0,0.0,0.0,0.0,0.0,0.0,0.0,0.0,0.0,0.0,0.0,0.0,0.0,0.0,0.0,0.0,0.0,0.0,0.0,0.0,0.0,0.0,0.0,0.0,0.0,0.0,0.0,0.0,0.0,0.0,0.0,0.0,0.0,0.0,0.0,0.0,0.0,0.0,0.0,0.0,0.0,0.0,0.0,0.0,0.0,0.0,0.0,0.0,0.0,0.0,0.0,0.0,18.556701030927837,18.556701030927837,44.329896907216494,18.556701030927837
앤톤,0.0,0.0,0.0,0.0,0.0,0.0,0.0,0.0,0.0,0.0,0.0,0.0,0.0,0.0,0.0,0.0,0.0,0.0,0.0,0.0,0.0,0.0,0.0,0.0,0.0,0.0,0.0,0.0,0.0,0.0,0.0,0.0,0.0,0.0,0.0,0.0,0.0,0.0,0.0,0.0,0.0,0.0,0.0,0.0,0.0,0.0,0.0,0.0,0.0,0.0,0.0,0.0,0.0,0.0,0.0,0.0,0.0,0.0,0.0,0.00791597858545116,0.003044607148250447,0.002192117146740322,0.002192117146740322,0.002192117146740322,0.002192117146740322,0.006089214296500894,0.002192117146740322,0.002192117146740322,0.002192117146740322,0.0025574700045303753,0.002192117146740322,0.002192117146740322,0.002192117146740322,0.002192117146740322,0.002192117146740322,0.004871371437200715,0.00572386143871084,0.07489733584696098,0.08062119728567184,0.07489733584696098,0.0735577087017308,0.07270521870022066,51.5327770227152,48.03403627223172
야망녀,0.0,0.0,0.0,0.0,0.0,0.0,0.0,0.0,0.0,0.0,0.0,0.0,0.0,0.0,0.0,0.0,0.0,0.0,0.0,0.0,0.0,0.0,0.0,0.0,0.0,0.0,0.0,0.0,0.0,0.0,0.0,0.0,0.0,0.0,0.0,0.0,0.0,0.0,0.0,0.0,0.0,0.0,0.0,0.0,0.0,0.0,1.9069412662090013,1.525553012967201,2.326468344774981,1.525553012967201,0.6864988558352405,1.220442410373761,0.6864988558352405,1.525553012967201,0.8009153318077805,0.6864988558352405,0.6864988558352405,0.6864988558352405,0.6864988558352405,0.8009153318077805,2.0594965675057213,0.6864988558352405,4.996186117467583,1.639969488939741,2.6315789473684217,0.6864988558352405,0.6864988558352405,1.372997711670481,0.6864988558352405,0.8009153318077805,55.53012967200611,0.6864988558352405,1.372997711670481,1.1060259344012207,0.6864988558352405,1.525553012967201,0.6864988558352405,0.6864988558352405,0.6864988558352405,0.9534706331045006,0.6864988558352405,0.8009153318077805,0.6864988558352405,1.9069412662090013
엄마아버지,0.0,0.0,0.0,0.0,0.0,0.0,0.0,0.0,0.0,0.0,0.0,0.0,0.0,0.0,0.0,0.0,0.0,0.0,0.0,0.0,0.0,0.0,0.0,0.0,0.0,0.0,0.0,0.0,0.0,0.0,0.0,0.0,0.0,0.0,0.0,0.0,0.0,0.0,0.0,0.0,0.0,0.0,0.0,0.0,0.0,0.0,0.0,0.0,0.0,0.0,0.0,0.0,0.0,0.0,0.0,0.0,0.0,0.0,0.0,0.0,0.0,0.0,0.0,0.0,0.0,0.0,0.0,0.0,0.0,0.0,0.0,0.0,0.0,0.0,0.0,0.0,0.0,0.0,0.0,0.0,25.925925925925924,22.22222222222222,25.925925925925924,25.925925925925924
업보빔,0.0,0.0,0.0,0.0,0.0,0.0,0.0,0.0,0.0,0.0,0.0,0.0,0.0,0.0,0.0,0.0,0.0,0.0,0.0,0.0,0.0,0.0,0.0,0.0,0.0,0.0,0.0,0.0,0.0,0.0,0.0,0.0,0.0,0.0,0.0,0.0,0.0,0.0,0.0,0.0,0.0,0.0,0.0,0.0,0.0,0.0,0.0,0.0,0.0,0.0,0.0,0.0,0.0,0.0,0.0,0.0,0.0,0.0,0.13799435853935146,3.3578658293337247,0.11499467780755851,0.3679846456173201,0.11499467780755851,0.11499467780755851,0.16099310780829287,0.5289786848884646,2.851885893714202,2.1619131695545923,3.1508742915246977,0.942961760506519,0.7589689719664331,5.197791851808881,5.358785891080024,3.656853295681369,5.864765826699548,4.185832912032685,4.668813166920415,7.796688709176171,9.314628516034741,8.463661752603988,8.555658612605455,7.083717235747621,7.911684318446582,7.175713164286239
여러모,0.0,0.0,0.0,0.0,0.0,0.0,0.0,0.0,0.0,0.0,0.0,0.0,0.0,0.0,0.0,0.0,0.0,0.0,0.0,0.0,0.0,0.0,0.0,0.0,0.0,0.0,0.0,0.0,0.0,0.0,0.0,0.0,0.0,0.0,0.0,0.0,0.0,0.0,0.0,0.0,0.0,0.0,0.0,0.0,0.0,0.0,0.0,0.0,0.0,0.0,0.0,0.0,0.0,0.0,0.0,0.0,0.0,0.0,0.0,0.0,0.0,0.0,0.0,0.0,0.0,0.0,0.0,0.0,0.0,0.0,0.0,0.0,0.0,0.0,10.71432962394835,8.928559805425436,8.928559805425436,8.928559805425436,17.857191932648156,8.928559805425436,8.928559805425436,8.928559805425436,8.928559805425436,8.928559805425436
여리해,0.0,0.0,0.0,0.0,0.0,0.0,0.0,0.0,0.0,0.0,0.0,0.0,0.0,0.0,0.0,0.0,0.0,0.0,0.0,0.0,0.0,0.0,0.0,0.0,0.0,0.0,0.0,0.0,0.0,0.0,0.0,0.0,0.0,0.0,0.0,0.0,0.0,0.0,0.0,0.0,0.0,0.0,0.0,0.0,0.0,0.0,0.0,0.0,0.0,0.0,0.0,0.0,0.0,0.0,0.0,0.0,0.0,0.0,0.0,0.0,0.0,0.0,0.0,0.0,0.0,0.0,0.0,0.0,0.0,0.0,0.0,0.0,0.0,0.0,0.0,0.0,0.0,0.0,0.0,0.0,19.230715310456986,38.4615863907049,19.230715310456986,23.076982988381133
영앤,0.0,0.0,0.0,0.0,0.0,0.0,0.0,0.0,0.0,0.0,0.0,0.0,0.0,0.0,0.0,0.0,0.0,0.0,0.0,0.0,0.0,0.0,0.0,0.0,0.0,0.0,0.0,0.0,0.0,0.0,0.0,0.0,0.0,0.0,0.0,0.0,0.0,0.0,0.0,0.0,0.7423893389243221,0.6681513070370566,0.6681513070370566,0.445434204691371,0.37119316612021697,0.37119316612021697,0.445434204691371,0.37119316612021697,0.37119316612021697,0.37119316612021697,0.7423893389243221,0.37119316612021697,0.37119316612021697,0.445434204691371,0.37119316612021697,0.7423893389243221,0.816627370811588,0.37119316612021697,0.7423893389243221,0.37119316612021697,0.37119316612021697,0.37119316612021697,2.1529329915695894,1.0393474798411617,0.9651064412700078,0.37119316612021697,0.5196722365786368,0.7423893389243221,0.445434204691371,0.37119316612021697,3.414997573756437,3.1922804714107507,6.458801981392657,9.725320484690673,5.939126738130131,6.829995147512874,2.00445392111117,5.5679305653260265,7.349670390775399,10.690429932644568,6.533040013279923,6.384560942821501,6.384560942821501,2.00445392111117
오해해,0.0,0.0,0.0,0.0,0.0,0.0,0.0,0.0,0.0,0.0,0.0,0.0,0.0,0.0,0.0,0.0,0.0,0.0,0.0,0.0,0.0,0.0,0.0,0.0,0.0,0.0,0.0,0.0,0.0,0.0,0.0,0.0,0.0,0.0,0.0,0.0,0.0,0.0,0.0,0.0,0.0,0.0,0.0,0.0,0.0,0.0,0.0,0.0,0.0,0.0,0.0,0.0,0.0,0.0,0.0,0.0,0.0,0.0,0.0,0.0,0.0,0.0,0.0,0.0,0.0,0.0,0.0,0.0,0.0,0.0,0.0,0.0,0.0,0.0,0.0,2.4875575777804397,46.766189253370044,5.721393510990063,4.7263624201723955,22.139305763162938,6.965177337196216,1.2437737515742873,8.706466634179339,1.2437737515742873
욕함,0.0,0.0,0.0,0.0,0.0,0.0,0.0,0.0,0.0,0.0,0.0,0.0,0.0,0.0,0.0,0.0,0.0,0.0,0.0,0.0,0.0,0.0,0.0,0.0,0.0,0.0,0.0,0.0,0.0,0.0,0.0,0.0,0.0,0.0,0.0,0.0,0.0,0.0,0.0,0.0,0.0,0.0,0.0,0.0,0.0,0.0,0.0,0.0,0.0,0.3173464987717965,0.3173464987717965,0.3173464987717965,0.3173464987717965,0.38081579852615577,0.6351774960150002,0.3173464987717965,0.3173464987717965,0.3173464987717965,0.3173464987717965,1.0799470927669226,1.3977780900101262,8.3231992403064,9.530569431053447,8.19626064079768,6.480651553544349,1.143416392521282,4.511165267273583,2.922494779528971,2.2233634852882043,4.383742169293457,3.4307336760352527,5.972412657038069,6.735013251033194,7.560598646311273,7.370190747048196,4.638103866782301,2.4142558830226895,0.6351774960150002,0.38081579852615577,0.38081579852615577,0.6351774960150002,3.685095373524098,1.3977780900101262,1.0164777930125632
우즈벡아내,0.0,0.0,0.0,0.0,0.0,0.0,0.0,0.0,0.0,0.0,0.0,0.0,0.0,0.0,0.0,0.0,0.0,0.0,0.0,0.0,0.0,0.0,0.0,0.0,0.0,0.0,0.0,0.0,0.0,0.0,0.0,0.0,0.0,0.0,0.0,0.0,0.0,0.0,0.0,0.0,0.0,0.0,0.0,0.0,0.0,0.0,0.0,0.0,0.0,0.0,0.0,0.0,0.0,0.0,0.0,0.0,0.0,0.0,0.0,0.0,0.0,0.0,0.0,0.0,0.0,0.0,0.0,0.0,0.3294735465437974,0.8571342340620316,0.5935553968269937,0.9894266657277091,0.5935553968269937,0.3294735465437974,0.3294735465437974,0.3294735465437974,0.3294735465437974,0.39536825585255686,0.39536825585255686,0.3294735465437974,1.3189002122715063,81.73207513002887,0.7912395247532723,10.356535648534724
울플러,0.0,0.0,0.0,0.0,0.0,0.0,0.0,0.0,0.0,0.0,0.0,0.0,0.0,0.0,0.0,0.0,0.0,0.0,0.0,0.0,0.0,0.0,0.0,0.0,0.0,0.0,0.0,0.0,0.0,0.0,0.0,0.0,0.0,0.0,0.0,0.0,0.0,0.0,0.0,0.0,0.0,0.0,0.0,0.0,0.0,0.0,0.0,0.0,0.0,0.0,0.0,0.0,0.0,0.0,0.0,0.0,0.0,0.0,0.0,0.0,0.0,0.0,0.0,0.0,0.0,0.0,0.0,0.0,0.0,0.0,0.0,0.0,0.0,0.0,0.0,0.0,0.0,0.0,0.0,0.0,1.9211107004550996,0.7207412699254397,30.741275254789553,66.6168727748299
웅니,0.0,0.0,0.0,0.0,0.0,0.0,0.0,0.0,0.0,0.0,0.0,0.0,0.0,0.0,0.0,0.0,0.0,0.0,0.0,0.0,0.0,0.0,0.0,0.0,0.0,0.0,0.0,0.0,0.0,0.0,0.0,0.0,0.0,0.0,0.0,0.0,0.0,0.0,0.0,0.0,0.0,0.0,0.0,0.0,0.0,0.0,0.0,0.0,0.0,0.09333632652018305,0.42125454681508506,0.47151818452266897,0.564854511042852,0.19386360193535085,0.09094542726829724,0.2872181795948613,0.1124817716745968,0.17471815678093708,0.023927243658185368,0.09094542726829724,0.011954496259428998,0.035899991056941735,0.06221813396701291,0.0574363354632413,0.2512999373985922,0.2560999870416911,7.084745515238791,4.164672729695153,7.276218217922256,4.652945460120349,7.415054634785578,12.836318307170327,6.833427326700871,5.51461825004426,5.10770909874049,5.457163663441692,4.078509100930627,4.449500010038128,5.256109112611356,4.336999987224203,3.3532818286181523,3.1187181859827606,3.2264181591535857,2.637618153313221
웅대남,0.0,0.0,0.0,0.0,0.0,0.0,0.0,0.0,0.0,0.0,0.0,0.0,0.0,0.0,0.0,0.0,0.0,0.0,0.0,0.0,0.0,0.0,0.0,0.0,0.0,0.0,0.0,0.0,0.0,0.0,0.0,0.0,0.0,0.0,0.0,0.0,0.0,0.0,0.0,0.0,0.0,0.0,0.0,0.0,0.0,0.0,0.0,0.0,0.0,0.0,0.0,0.0,0.0,0.0,0.0,0.0,0.0,0.0,0.0,0.0,0.0,0.0,0.0,0.0,0.0,0.0,0.0,0.0,0.0,0.0,0.0,0.0,0.0,0.0,0.0,44.85105509764356,10.763021991176169,2.2401586921577348,2.2401586921577348,2.688190430589282,12.555148944902356,4.03570573549027,18.38640172372516,2.2401586921577348
워녕,0.0,0.0,0.0,0.0,0.0,0.0,0.0,0.0,0.0,0.0,0.0,0.0,0.0,0.0,0.0,0.0,0.0,0.0,0.0,0.0,0.0,0.0,0.0,0.0,0.0,0.0,0.0,0.0,0.0,0.0,0.0,0.0,0.16312702521535924,0.18643710330760255,0.4194769542275542,0.5826126837289822,1.7944495030853647,3.146120678137,0.48938977993214655,0.4194769542275542,1.002098342242605,0.4194769542275542,0.23303985091995164,0.25634992901219494,0.5826126837289822,0.5593113099228076,0.44278703231979755,0.23303985091995164,0.9787882641503619,0.13982565140918474,0.23303985091995164,0.13982565140918474,0.23303985091995164,0.1165155733169414,0.23303985091995164,0.1165155733169414,0.1165155733169414,0.2796513028183695,0.3495641285229618,0.1165155733169414,0.1165155733169414,0.1165155733169414,0.18643710330760255,0.7457484132304102,0.5126998580243899,0.1165155733169414,0.3728742066152051,2.9130808272170485,2.8897707491248052,3.798654891856643,7.387571306599511,12.048498889289574,11.67562468267437,10.487089237124161,7.9002711646238994,7.9002711646238994,5.453287447818892,1.2584482712548002,1.7944495030853647,2.4003722649065904,0.9787882641503619,1.4215752964701593,2.0974108839959773,1.4448853745624026
워뇽,0.0,0.0,0.0,0.0,0.0,0.0,0.0,0.0,0.0,0.0,0.0,0.0,0.0,0.0,0.0,0.0,0.0,0.0,0.0,0.0,0.0,0.0,0.0,0.0,0.0,0.0,0.0,0.0,0.0,0.0,0.0,0.2043193407808797,0.8581839695251888,1.1442554684729886,5.067443240938844,0.40865394522086446,3.637116273518056,2.1250524115894525,3.800574798874581,2.1659132270138075,2.942390829349392,4.6996501111423346,3.555379379010241,1.0216577585408189,0.40865394522086446,1.0216577585408189,0.4495300243043245,0.2451954198643397,0.735586259593019,2.2067893060972676,0.4495300243043245,0.40865394522086446,0.40865394522086446,0.899060048608649,1.3894508883373284,0.2043193407808797,0.2043193407808797,0.2043193407808797,0.4495300243043245,0.2043193407808797,0.2043193407808797,0.3677931297965095,0.2451954198643397,0.2451954198643397,0.2860562352886946,0.2043193407808797,0.2043193407808797,0.4903908397286794,1.8798569917251127,3.8823116933823956,3.1058493547059167,4.74051092656669,6.906439417239602,11.769563317397568,8.21416867472822,4.78138700565015,2.451984725961607,1.0216577585408189,2.1659132270138075,0.817323154100834,0.40865394522086446,0.735586259593019,2.697180145825947,0.6538646287443093
위댐,0.0,0.0,0.0,0.0,0.0,0.0,0.0,0.0,0.0,0.0,0.0,0.0,0.0,0.0,0.0,0.0,0.0,0.0,0.0,0.0,0.0,0.0,0.0,0.0,0.0,0.0,0.0,0.0,0.0,0.0,0.0,0.0,0.0,0.0,0.0,0.0,0.0,0.0,0.0,0.0,0.0,0.0,0.0,0.0,0.0,0.0,0.0,0.0,0.0,0.0,0.0,0.0,0.0,0.0,0.0,0.0,0.0,0.0,0.0,0.0,0.0,0.0,0.0,0.0,0.0,0.0,0.0,0.0,0.0,0.46130774057115753,3.34448219600662,43.07462912098208,24.749169973434157,13.089608754005189,3.2868181900023616,2.2834722389615014,2.3526673231814472,0.17298771054986403,0.11532370454560532,0.3921083488882998,0.06919508421994561,1.9836211307245215,0.7726899270238249,3.851918556903437
위시유백,0.0,0.0,0.0,0.0,0.0,0.0,0.0,0.0,0.0,0.0,0.0,0.0,0.0,0.0,0.0,0.0,0.0,0.0,0.0,0.0,0.0,0.0,0.0,0.0,0.0,0.0,0.0,0.0,0.0,0.0,0.0,0.0,0.0,0.0,0.0,0.0,0.0,0.0,0.0,0.0,0.0,0.0,0.0,0.0,0.0,0.0,0.0,0.0,0.0,0.0,0.0,0.0,0.0,0.0,0.0,0.0,0.0,0.0,0.0,0.0,0.0,0.0,0.0,0.0,0.0,0.0,0.0,0.0,0.0,0.0,0.0,0.0,0.0,0.0,0.0,0.0,0.0,0.0,14.634368537565251,12.194699778626024,17.073126292486947,14.634368537565251,17.073126292486947,24.390310561269576
응옥,0.0,0.0,0.0,0.0,0.0,0.0,0.0,0.0,0.0,0.0,0.0,0.0,0.0,0.0,0.0,0.0,0.0,0.0,0.0,0.0,0.0,0.0,0.0,0.0,0.0,0.0,0.0,0.0,0.0,0.0,0.0,0.0,0.0,0.0,0.0,0.0,0.0,0.0,0.0,0.0,0.0,0.0,0.0,0.0,0.0,0.0,0.4474939375210778,0.5163441037450506,0.24095629602305757,0.27538780772199295,0.24095629602305757,0.20653764149802023,0.17210612979908485,11.359750282825685,0.17210612979908485,22.375262591705404,0.8261634231659789,0.27538780772199295,0.20653764149802023,0.3442251167720677,0.17210612979908485,0.4819254492200132,0.5163441037450506,0.17210612979908485,0.5507756154439859,0.20653764149802023,0.17210612979908485,0.17210612979908485,0.20653764149802023,1.6178953346330225,14.698822630014638,3.8554293081079014,3.06368453946696,0.27538780772199295,2.512908924022974,11.118781129628728,4.509473744300897,2.2719397708260187,1.7900143216060052,0.41307528299604046,1.376939038609965,5.9208314374359,3.6488788094359834,2.6161777447719845
인스스,0.0,0.0,0.0,0.0,0.0,0.0,0.0,0.0,0.0,0.0,0.0,0.0,0.0,0.0,0.0,0.0,0.0,0.0,0.0,0.0,0.0,0.0,0.0,0.0,0.0,0.0,0.0,0.0,0.0,0.0,0.0,0.0,0.0,0.009701581474759113,0.009701581474759113,0.009701581474759113,0.009701581474759113,0.011642116421535923,0.009701581474759113,0.011642116421535923,0.011642116421535923,0.013582651368312736,0.02328532610219679,0.021344791155419977,0.02328532610219679,0.02328532610219679,0.009701581474759113,0.01940425620864317,0.009701581474759113,0.02328532610219679,0.013582651368312736,0.03686797747050952,0.054332791991500824,0.07955865304047444,0.06209493177860807,0.12806984019164483,0.12806984019164483,0.5530327811671422,1.434005035748316,0.8499236954327449,0.9857567686706219,1.3331004982932968,3.2793892678446923,4.730858024854874,3.8440641654333705,2.9087591188606954,2.757402859307729,3.5452327162209905,3.4307455273976584,3.5180663202252402,3.8071961879628606,4.56591802067447,5.534211068083226,7.237941715360519,4.478597227846889,5.0859638942646574,4.203051104736706,4.09050445086015,4.856988423358867,4.563977485727693,5.1053681504733,4.193348430002822,4.730858024854874,3.6228519275738127
입꾹,0.0,0.0,0.0,0.0,0.0,0.0,0.0,0.0,0.0,0.0,0.0,0.0,0.0,0.0,0.0,0.0,0.0,0.0,0.0,0.0,0.0,0.0,0.0,0.0,0.0,0.0,0.0,0.0,0.6700209790011808,0.4187542644562119,0.2931209071837273,0.20936533566873758,0.4187542644562119,0.5025098359712016,0.4606320502137067,0.628143193243686,0.628143193243686,0.4187542644562119,0.7118751716399391,0.4606320502137067,0.20936533566873758,0.4606320502137067,3.7688591594621164,6.197676360921871,3.5175924449171467,0.9212641004274134,2.931327037430956,2.4288172014597547,0.4187542644562119,1.7169184367010786,0.376876478698717,1.1306530292148875,0.25124312142623245,0.25124312142623245,0.7118751716399391,1.0887752434573927,1.1725308149723823,1.7169184367010786,1.4237739363986148,1.0050196719424032,1.256286386487372,1.38189615064112,1.046897457699898,0.7956307431549287,1.8006740082160684,2.0100629370035428,1.4656517221561096,1.8006740082160684,1.8844295797310582,2.512572772974744,2.1775504869147855,2.763815894400977,2.8475714659159665,3.5594702306746426,3.810736945219611,6.825819554165556,3.894492516734601,5.988311025253133,3.14071596621843,2.6382061302472284,2.6382061302472284,2.093794915399796,2.051917129642301,2.093794915399796
자기분야,0.0,0.0,0.0,0.0,0.0,0.0,0.0,0.0,0.0,0.0,0.0,0.0,0.0,0.0,0.0,0.0,0.0,0.0,0.0,0.0,0.0,0.0,0.0,0.0,0.0,0.0,0.0,0.0,0.0,0.0,0.0,0.0,0.0,0.0,0.0,0.0,0.0,0.0,0.0,0.0,0.0,0.0,0.0,0.0,0.0,0.0,0.0,0.0,0.0,0.0,0.0,0.0,0.0,0.0,0.0,0.0,0.0,0.0,0.0,0.0,0.0,0.0,0.0,0.0,0.0,0.0,0.0,0.0,0.0,0.0,0.0,0.0,0.0,0.0,0.0,0.0,0.0,0.0,0.0,56.123053219195015,10.204034701421747,5.10172989691907,5.10172989691907,23.4694522855451
자컨,0.0,0.0,0.0,0.0,0.0,0.0,0.0,0.0,0.0,0.0,0.0,0.0,0.0,0.0,0.0,0.0,0.0,0.0,0.0,0.0,0.0,0.0,0.0,0.0,0.0,0.0,0.0,0.0,0.0,0.0,0.0,0.0,0.004124309859557769,0.01237385910534889,0.009898994331611554,0.015673214040327545,0.009898994331611554,0.013198814029928002,0.018973033738643997,0.06846847016003955,0.12868832060096358,0.4306111334401494,0.47103253045451254,0.514753747167192,0.7135609125406912,0.580747817316832,1.0905518349365495,1.2514124680694227,1.3289554423998327,1.2745107411943002,2.142332647471232,3.4844873686643303,2.7824753603044092,4.051211417026655,2.4921014516459925,4.496671739109229,2.902914596422919,3.160291702388184,3.5430573092560964,2.186878819108491,2.4294072011946692,2.2363742555298862,1.6011812722441838,2.2009025880629975,1.8478339641899204,2.0400419549301243,1.6853238859712265,1.636652939711072,1.8156621164213484,3.655246996128816,3.530683450150747,2.0070446874736354,1.7496680462717085,1.8478339641899204,1.9468253017960493,2.7296801041846965,3.466338825086928,3.089347902691069,2.650487220005129,2.8311458418012254,2.0689144477637176,4.64763337791049,4.378707367764456,2.727205239410959
저걸,0.0,0.0,0.0,0.0,0.0,0.0,0.0,0.0,0.0,0.0,0.0,0.0,0.0,0.0,0.0,0.0,0.0,0.0,0.0,0.0,0.0,0.0,0.0,0.0,0.0,0.0,0.0,0.0,0.0,0.0,0.0,0.0,0.0,0.0,0.0,0.0,0.0,0.0,0.0,0.0,0.0,0.0,0.0,0.0,0.0,0.0,0.0,0.0,0.0,0.0,0.0,0.0,0.0,0.0,0.0,0.0,0.0,0.0,0.0,0.0,0.0,0.0,0.0,0.0,0.0,0.0,0.0,0.0,0.0,0.0,0.0,0.0,5.504497053654502,4.586994727592267,4.586994727592267,4.586994727592267,4.586994727592267,8.257004031841207,4.586994727592267,4.586994727592267,44.955546366173884,4.586994727592267,4.586994727592267,4.586994727592267
저양반,0.0,0.0,0.0,0.0,0.0,0.0,0.0,0.0,0.0,0.0,0.0,0.0,0.0,0.0,0.0,0.0,0.0,0.0,0.0,0.0,0.0,0.0,0.0,0.0,0.0,0.0,0.0,0.0,0.0,0.0,0.0,0.0,0.0,0.0,0.0,0.0,0.0,0.0,0.0,0.0,0.0,0.0,0.0,0.0,0.0,0.0,0.0,0.0,0.0,0.0,0.0,0.0,0.0,0.0,0.0,0.0,0.0,0.0,0.0,0.0,0.0,0.0,0.0,0.0,0.0,0.0,2.008152756919116,2.008152756919116,2.008152756919116,2.008152756919116,2.407208753486376,2.008152756919116,2.008152756919116,2.008152756919116,2.008152756919116,2.008152756919116,2.008152756919116,3.6129585925767005,2.407208753486376,54.62776228277194,10.43981978116284,2.407208753486376,2.008152756919116,2.008152756919116
전시즌,0.0,0.0,0.0,0.0,0.0,0.0,0.0,0.0,0.0,0.0,0.0,0.0,0.0,0.0,0.0,0.0,0.0,0.0,0.0,0.0,0.0,0.0,0.0,0.0,0.0,0.0,0.0,0.0,0.0,0.0,0.0,0.0,0.0,0.0,0.0,0.0,0.0,0.0,0.0,0.0,0.0,0.0,0.0,0.0,0.0,0.0,0.0,0.0,0.0,0.0,0.0,0.0,0.0,0.0,0.0,0.0,0.0,0.0,0.0,0.0,0.0,0.0,0.0,0.0,0.0,0.0,0.0,0.0,0.0,0.0,0.0,0.0,0.0,0.0,0.0,0.0,0.0,0.0,0.0,4.343113726097391,3.623132306263064,84.06750793527908,4.343113726097391,3.623132306263064
제니덕,0.0,0.0,0.0,0.0,0.0,0.0,0.0,0.0,0.0,0.0,0.0,0.0,0.0,0.0,0.0,0.0,0.0,0.0,0.0,0.0,0.0,0.0,0.0,0.0,0.0,0.0,0.0,0.0,0.0,0.0,0.0,0.0,0.0,0.0,0.0,0.0,0.0,0.0,0.0,0.0,0.0,0.0,0.0,0.0,0.0,0.0,0.0,0.0,0.0,0.0,0.0,0.0,0.0,0.0,0.0,0.0,0.0,0.0,0.0,0.0,0.0,0.0,0.0,0.0,0.0,0.0,0.0,0.0,0.0,0.0,0.0,0.0,0.0,0.0,2.63172693021425,32.63791261316988,2.63172693021425,24.737108474385654,16.841927683742902,6.315019962885902,2.63172693021425,3.683293032671653,3.1546983073722097,4.7348591351290565
제배원,0.0,0.0,0.0,0.0,0.0,0.0,0.0,0.0,0.0,0.0,0.0,0.0,0.0,0.0,0.0,0.0,0.0,0.0,0.0,0.0,0.0,0.0,0.0,0.0,0.0,0.0,0.0,0.0,0.0,0.0,0.0,0.0,0.0,0.0,0.0,0.0,0.0,0.0,0.0,0.0,0.0,0.0,0.0,0.0,0.0,0.0,0.0,0.0,0.0,0.0,0.0,0.0,0.0,0.0,0.0,0.0,0.0,0.0,0.0,0.0,0.0,0.0,0.0,0.0,0.0,0.0,0.0,0.0,0.0,0.0,0.0,0.0,0.0,0.0,0.0,0.0,0.0,0.0,27.168658450294643,13.29426044270475,10.291371691867255,25.202395423105234,16.773854036555626,7.2694599554725
제베원,0.0,0.0,0.0,0.0,0.0,0.0,0.0,0.0,0.0,0.0,0.0,0.0,0.0,0.0,0.0,0.0,0.0,0.0,0.0,0.0,0.0,0.0,0.0,0.0,0.0,0.0,0.0,0.0,0.0,0.0,0.0,0.0,0.0,0.0,0.0,0.0,0.0,0.0,0.0,0.0,0.0,0.0,0.0,0.0,0.0,0.0,0.0,0.0,0.0,0.0,0.0,0.0,0.0,0.0,0.0,0.0,0.0,0.0,0.0,0.0,0.0,0.0,0.0,0.0,0.0,0.0,0.0,0.0,0.0,0.0,0.0,0.0,0.0,0.0,0.0,0.0,0.0,0.0,24.579878755882145,13.612770124792256,9.840640086440843,25.226711828535255,18.058887268409013,8.6811119359405
주휘,0.0,0.0,0.0,0.0,0.0,0.0,0.0,0.0,0.0,0.0,0.0,0.0,0.0,0.0,0.0,0.0,0.0,0.0,0.0,0.0,0.0,0.005115820840779664,0.015353567320478346,0.012282853856382676,0.006141426928191338,0.005115820840779664,0.010234694080629004,0.007163980616533337,0.005115820840779664,0.009212140392287007,0.011257247768971003,0.015353567320478346,0.02865897486520302,0.02865897486520302,0.01739867469716234,0.005115820840779664,0.018424280784574015,0.005115820840779664,0.005115820840779664,0.006141426928191338,0.005115820840779664,0.006141426928191338,0.02865897486520302,0.010234694080629004,0.005115820840779664,0.006141426928191338,0.016376121008820348,0.033777848105052355,0.005115820840779664,0.005115820840779664,0.010234694080629004,0.018424280784574015,0.006141426928191338,0.011257247768971003,0.006141426928191338,0.007163980616533337,0.07779039029073373,8.971620502793622,30.52399069677604,21.752986070437906,10.056611014105874,3.6234479924310294,1.8311708306884307,1.418672672811269,0.9048379182198805,0.5977665718103136,0.780983773568642,0.6028823926510931,1.2763942473754564,2.0932070812239743,3.3951926423996075,1.8588072518652916,2.0696639271995507,1.2559248592141985,0.6110719793550381,0.8956257778275933,0.5578472967770698,0.5496577100731248,0.4073792846373123,0.5240694486720174,0.6264255466755164,0.5711527043217945,1.2733235339113609,0.49336231403106073
죽짱,0.0,0.0,0.0,0.0,0.0,0.0,0.0,0.0,0.0,0.0,0.0,0.0,0.0,0.0,0.0,0.0,0.0,0.0,0.0,0.0,0.0,0.0,0.0,0.0,0.0,0.0,0.0,0.0,0.0,0.0,0.0,0.0,0.0,0.0,0.0,0.0,0.0,0.0,0.0,0.0,0.0,0.0,0.0,0.0,0.0,0.0,0.0,0.0,0.0,0.0,0.0,0.0,0.0,0.0,0.0,0.0,0.0,0.0,0.0,0.0,0.0,0.0,0.0,0.0,0.0,1.0036649340072339,6.425611421179965,1.4054902148657389,1.2048769971494957,1.0036649340072339,15.864014180659685,7.8317004814717235,1.0036649340072339,2.6103672120152344,1.0036649340072339,4.417682707739478,1.4054902148657389,1.0036649340072339,1.0036649340072339,2.20854193115673,42.97374661652334,3.2128057105899823,2.4097539942989914,2.007928713440487
지수만,0.0,0.0,0.0,0.0,0.0,0.0,0.0,0.0,0.0,0.0,0.0,0.0,0.0,0.0,0.0,0.0,0.0,0.0,0.0,0.0,0.0,0.0,0.0,0.0,0.0,0.0,0.0,0.0,0.0,0.0,0.0,0.0,0.0,0.0,0.0,0.0,0.0,0.0,0.0,0.0,0.0,0.0,0.0,0.0,0.0,0.0,0.0,0.0,0.0,0.0,0.0,0.0,0.0,0.0,0.0,0.0,0.0,0.0,0.0,0.0,0.0,0.0,0.0,0.0,0.0,0.0,0.0,0.0,0.0,0.0,0.0,8.45165084432496,19.01621439973116,4.22582542216248,4.929429555574226,7.7459464000672105,3.5201209779047304,3.5201209779047304,3.5201209779047304,3.5201209779047304,4.929429555574226,7.0423422666554645,14.084684533310929,15.493993110980425
지수매니저,0.0,0.0,0.0,0.0,0.0,0.0,0.0,0.0,0.0,0.0,0.0,0.0,0.0,0.0,0.0,0.0,0.0,0.0,0.0,0.0,0.0,0.0,0.0,0.0,0.0,0.0,0.0,0.0,0.0,0.0,0.0,0.0,0.0,0.0,0.0,0.0,0.0,0.0,0.0,0.0,0.0,0.0,0.0,0.0,0.0,0.0,0.0,0.0,0.0,0.0,0.0,0.0,0.0,0.0,0.0,0.0,0.0,0.0,0.0,0.0,0.0,0.0,0.0,0.6718512891419872,0.3053207051523781,0.3053207051523781,55.22406276927339,0.3053207051523781,0.3053207051523781,5.314693467849331,0.3053207051523781,15.455312234142365,1.2216471651264005,1.771443041110814,4.825925298443704,3.848571131890895,0.3053207051523781,1.404912457121205,1.2216471651264005,4.581632299870113,0.42755829056839584,1.5881777491160094,0.3053207051523781,0.3053207051523781
지영겨레,0.0,0.0,0.0,0.0,0.0,0.0,0.0,0.0,0.0,0.0,0.0,0.0,0.0,0.0,0.0,0.0,0.0,0.0,0.0,0.0,0.0,0.0,0.0,0.0,0.0,0.0,0.0,0.0,0.0,0.0,0.0,0.0,0.0,0.0,0.0,0.0,0.0,0.0,0.0,0.0,0.0,0.0,0.0,0.0,0.0,0.0,0.0,0.0,0.0,0.0,0.0,0.0,0.0,0.0,0.0,0.0,0.0,0.0,0.0,0.0,0.0,0.0,0.0,0.0,0.0,0.0,0.0,0.0,0.0,0.0,0.0,0.0,0.0,0.0,0.0,0.0,0.0,0.0,0.0,0.0,0.22334437104471216,1.73356716514242,50.07710962824517,47.965978835567704
지팔지꼰,0.0,0.0,0.0,0.0,0.0,0.0,0.0,0.0,0.0,0.0,0.0,0.0,0.0,0.0,0.0,0.0,0.0,0.0,0.0,0.0,0.0,0.0,0.0,0.0,0.0,0.0,0.0,0.0,0.005637871291832688,0.0687946991340483,0.005637871291832688,0.05187686213398707,0.005637871291832688,0.005637871291832688,0.011277854145946961,0.005637871291832688,0.005637871291832688,0.005637871291832688,0.018043299696146185,0.0214260224712458,0.8661417322834644,1.1604956258987336,0.7612583221948422,0.6856960659483131,0.7206572026445206,0.6214116638477309,0.596600807039104,0.4330708661417322,0.8277978728121576,0.5661499673763627,0.29886419064873526,0.38908702381631094,0.5796829700390428,0.6699058032066184,1.220267619403568,0.7533631908239949,1.058994938585211,0.7590010621158276,0.8988477204629388,0.780429196149355,1.28793474427925,1.0883160924273043,1.409738102930215,1.2044794682241549,1.0195213932932559,1.4198862712555136,1.767246712825418,1.8055926838590066,1.4018429715593674,1.8123581294092057,2.3988086565607296,21.115622815852763,7.833632119396178,3.8728311615915265,2.53188775779536,2.929999598803166,7.615968056285803,3.7070460721774214,3.1172128222507984,3.219841083822688,2.671734416142471,3.6765952325146802,3.43412031259568,2.799175646085269
집팔면,0.0,0.0,0.0,0.0,0.0,0.0,0.0,0.0,0.0,0.0,0.0,0.0,0.0,0.0,0.0,0.0,0.0,0.0,0.0,0.0,0.0,0.0,0.0,0.0,0.0,0.0,0.0,0.0,0.0,0.0,0.0,0.0,0.0,0.0,0.0,0.0,0.0,0.0,0.0,0.0,0.0,0.0,0.0,0.0,0.0,0.0,0.0,0.0,0.0,0.0,0.0,0.0,0.0,0.0,0.0,0.0,0.0,0.0,0.0,0.0,0.0,0.0,0.0,0.0,0.0,0.0,0.0,0.0,0.0,0.0,0.0,0.0,0.0,2.5206315739786485,5.042049861931697,2.1005263116488737,2.1005263116488737,2.1005263116488737,2.1005263116488737,2.5206315739786485,72.69158452061583,4.201839337272148,2.1005263116488737,2.5206315739786485
쫄아,0.0,0.0,0.0,0.0,0.0,0.0,0.0,0.0,0.0,0.0,0.0,0.0,0.0,0.0,0.0,0.0,0.0,0.0,0.0,0.0,0.0,0.0,0.0,0.0,0.0,0.0,0.0,0.0,0.0,0.0,0.0,0.0,0.0,0.0,0.0,0.0,0.0,0.0,0.0,0.0,0.0,0.0,0.0,0.0,0.0,0.0,0.0,0.0,0.0,0.0,0.0,0.0,0.0,0.0,0.0,0.0,0.0,0.0,0.0,0.0,0.0,0.0,0.0,0.0,0.0,0.0,0.0,0.0,0.0,0.0,0.0,0.0,0.0,0.0,0.0,0.0,0.0,10.869122735599431,28.26378994504376,17.39059637695909,10.869122735599431,10.869122735599431,10.869122735599431,10.869122735599431
차지함,0.0,0.0,0.0,0.0,0.0,0.0,0.0,0.0,0.0,0.0,0.0,0.0,0.0,0.0,0.0,0.0,0.0,0.0,0.0,0.0,0.0,0.0,0.0,0.0,0.0,0.0,0.0,0.0,0.0,0.0,0.0,0.0,0.0,0.0,0.0,0.0,0.0,0.0,0.0,0.0,0.0,0.0,0.0,0.0,0.0,0.0,0.0,0.0,0.0,0.0,0.0,0.0,0.0,0.0,0.0,0.0,0.0,0.0,0.0,0.0,0.0,0.0,0.0,0.0,0.0,0.0,0.0,0.0,0.0,0.0,0.0,0.0,0.0,0.0,0.0,0.0,0.0,14.285714285714285,14.285714285714285,14.285714285714285,14.285714285714285,14.285714285714285,14.285714285714285,14.285714285714285
착짱,0.0,0.0,0.0,0.0,0.0,0.0,0.0,0.0,0.0,0.0,0.0,0.0,0.0,0.0,0.0,0.0,0.0,0.0,0.0,0.0,0.0,0.0,0.0,0.0,0.0,0.0,0.0,0.0,0.0,0.0,0.0,0.0,0.0,0.0,0.0,0.0,0.0,0.0,0.0,0.0,0.0,0.0,0.0,0.3076386225558861,0.3076386225558861,1.3186981405064107,4.571453966958066,1.8022125619927216,3.516528374683761,0.21974187325420436,2.197830234177351,0.8351014186930381,0.2636902479050452,3.9560944215192317,1.3626465151572513,0.2636902479050452,0.6593079200896745,0.21974187325420436,2.1098511845486074,12.439694435345688,12.307849311393165,3.780218622588807,1.2746674655285082,0.967028842972622,0.6593079200896745,0.483514421486311,0.21974187325420436,3.252755826451655,1.4505432644589331,3.252755826451655,16.132098608959875,2.285726983479033,0.7032562947405153,2.021954435246926,0.7472046693913562,1.8022125619927216,0.2636902479050452,0.6593079200896745,9.758349779682025,0.21974187325420436,0.4395660468354701,0.21974187325420436,0.3076386225558861,0.4395660468354701
처음온,0.0,0.0,0.0,0.0,0.0,0.0,0.0,0.0,0.0,0.0,0.0,0.0,0.0,0.0,0.0,0.0,0.0,0.0,0.0,0.0,0.0,0.0,0.0,0.0,0.0,0.0,0.0,0.0,0.0,0.0,0.0,0.0,0.0,0.0,0.0,0.0,0.0,0.0,0.0,0.0,0.0,0.0,0.0,0.0,0.0,0.0,0.0,0.0,0.0,0.0,0.0,0.0,0.0,0.0,0.0,0.0,0.0,0.0,0.0,0.0,0.0,0.0,0.0,0.0,0.0,0.0,0.0,0.0,0.0,0.0,0.0,0.0,0.0,26.806217982688572,50.727197786021314,8.658658658658657,1.030442206912795,1.030442206912795,3.5035035035035036,2.06088441382559,1.236530648295354,1.030442206912795,2.885238179355826,1.030442206912795
촉법소,0.0,0.0,0.0,0.0,0.0,0.0,0.0,0.0,0.0,0.0,0.0,0.0,0.0,0.0,0.0,0.0,0.0,0.0,0.0,0.0,0.0,0.0,0.0,0.0,0.0,0.0,0.0,0.0,0.0,0.0,0.0,0.0,0.0,0.0,0.0,0.0,0.0,0.0,0.0,0.0,0.0,0.0,0.0,0.0,0.0,0.0,0.0,0.0,0.0,0.0,0.0,0.0,0.0,0.0,0.0,0.0,0.0,0.0,0.0,0.0,0.0,0.0,0.0,0.0,0.0,0.0,0.0,0.0,0.0,0.0,0.0,0.0,0.0,0.0,0.0,0.0,0.0,0.0,0.0,0.0,28.57142857142857,23.80952380952381,23.80952380952381,23.80952380952381
최종커플,0.0,0.0,0.0,0.0,0.0,0.0,0.0,0.0,0.0,0.0,0.0,0.0,0.0,0.0,0.0,0.0,0.0,0.0,0.0,0.0,0.0,0.0,0.0,0.0,0.0,0.0,0.0,0.0,0.0,0.0,0.0,0.0,0.0,0.0,0.0,0.0,0.0,0.0,0.0,0.0,0.0,0.0,0.0,0.0,0.0,0.0,0.0,0.0,0.0,0.0,0.0,0.0,0.0,0.0,0.0,0.0,0.0,0.0,0.0,0.0,0.0,0.0,0.0,0.0,0.0,0.0,0.0,3.607809847198642,1.061120543293718,5.096410380790686,2.546689303904923,1.061120543293718,1.2733446519524616,1.6977928692699489,1.061120543293718,1.061120543293718,47.14103807906863,3.607809847198642,5.520858598108173,3.8200339558573853,1.6977928692699489,2.9711375212224103,6.369755032743147,10.405044870240117
츠바킬,0.0,0.0,0.0,0.0,0.0,0.0,0.0,0.0,0.0,0.0,0.0,0.0,0.0,0.0,0.0,0.0,0.0,0.0,0.0,0.0,0.0,0.0,0.0,0.0,0.0,0.0,0.0,0.0,0.0,0.0,0.0,0.0,0.0,0.0,0.0,0.0,0.0,0.0,0.0,0.0,0.0,0.0,0.0,0.0,0.0,0.0,0.0,0.0,0.0,0.0,0.0,0.0,0.0,0.0,0.0,0.0,0.0,0.0,0.0,0.0,0.0,0.0,0.0,0.0,0.0,0.0,0.0,0.0,0.0,0.0,0.0,0.0,0.0,0.0,0.0,0.0,0.0,0.0,0.0,0.0,1.9338230868538173,0.4162516069826057,13.116384764215669,84.53354054194791
코첼라무대,0.0,0.0,0.0,0.0,0.0,0.0,0.0,0.0,0.0,0.0,0.0,0.0,0.0,0.0,0.0,0.0,0.0,0.0,0.0,0.0,0.0,0.0,0.0,0.0,0.0,0.0,0.0,0.0,0.0,0.0,0.0,0.0,0.0,0.0,0.0,0.0,0.0,0.0,0.0,0.0,0.0,0.0,0.0,0.0,0.0,0.0,0.0,0.0,0.0,0.0,0.0,0.0,0.0,0.0,0.0,0.0,0.0,0.0,0.0,0.0,0.0,0.0,0.0,0.0,0.0,0.0,0.0,0.0,0.0,0.0,0.0,0.0,0.0,0.0,0.0,0.6582349898913912,10.09920541633363,30.18791041735233,18.222138636826678,1.097058316485652,0.548529158242826,10.31861707963076,27.00330684721112,1.8649991380256086
퀸와사비,0.0,0.0,0.0,0.0,0.0,0.0,0.0,0.0,0.0,0.0,0.0,0.0,0.0,0.0,0.0,0.0,0.0,0.0,0.0,0.0,0.0,0.0,0.0,0.0,0.0,0.0,0.0,0.0,0.0,0.0,0.0,0.0,0.0,0.0,0.0,0.0,0.00040834679077184625,0.01285301257944005,0.0030090797494740896,0.02578135126591569,0.10685801189387337,0.05262123256227877,0.15866255087460843,15.341473957871731,19.822659746206124,4.33633963130289,2.655148141971554,14.054352979763026,2.0368159519761972,1.2159120375024104,8.071848498900348,1.5788332211998508,0.6867699227691336,5.456851154244734,0.9982235527015243,0.879906061208369,1.9572795120105198,2.014693863699431,0.7895127504996945,1.4197365540768003,0.5083659850532783,1.3597710260785523,1.4738762023756387,0.8858033024828652,0.4378092099526323,0.6630580571807217,0.6698711053354928,0.8019336290966673,0.7172690670546463,0.38646257441203463,0.41609546846663814,0.3326836985205774,0.8354438353976288,0.24464928432170133,1.746499224131186,0.5731226499121845,0.2501381788054258,0.8921346600058037,0.35032983022665004,1.2294410027791964,0.48889220411860557,0.5450775509032522,0.2519440231083052,0.26277710665960685
탈배,0.0,0.0,0.0,0.0,0.0,0.0,0.0,0.0,0.0,0.0,0.0,0.0,0.0,0.0,0.0,0.0,0.0,0.0,0.0,0.0,0.0,0.0,0.0,0.0,0.0,0.0,0.0,0.0,0.0,0.0,0.0,0.0,0.0,0.0,0.0,0.0,0.0,0.0,0.0,0.0,0.0,0.0,0.0,0.0,0.0,0.0,0.0,0.0,0.0,0.0,0.0,0.0,0.0,0.0,0.0,0.0,0.0,0.0,0.0,0.0,0.0,0.0,0.0,0.0,0.0,0.0,0.0,0.0,0.0,2.2857142857142856,2.2857142857142856,2.2857142857142856,2.742857142857143,2.2857142857142856,5.980952380952381,2.2857142857142856,2.742857142857143,10.628571428571428,2.742857142857143,5.066666666666667,2.742857142857143,2.742857142857143,22.666666666666668,30.514285714285716
탑급,0.0,0.0,0.0,0.0,0.0,0.0,0.0,0.0,0.0,0.0,0.0,0.0,0.0,0.0,0.0,0.0,0.0,0.0,0.0,0.0,0.0,0.0,0.0,0.0,0.0,0.0,0.0,0.0,0.0,0.0,0.0,0.0,0.0,0.0,0.0,0.0,0.0,0.0,0.0,0.0,0.0,0.0,0.0,0.0,0.0,0.0,0.0,0.0,0.0,0.0,0.0,0.0,0.0,0.0,0.0,0.0,0.0,0.0,0.0,0.0,0.0,0.0,0.0,0.0,0.0,0.0,0.0,0.0,0.0,0.0,0.0,0.0,0.0,0.0,16.96606786427146,5.9880239520958085,10.878243512974054,5.9880239520958085,5.9880239520958085,5.9880239520958085,7.185628742514972,27.84431137724551,7.185628742514972,5.9880239520958085
터계,0.0,0.0,0.0,0.0,0.0,0.0,0.0,0.0,0.0,0.0,0.0,0.0,0.0,0.0,0.0,0.0,0.0,0.0,0.0,0.0,0.0,0.0,0.0,0.0,0.0,0.0,0.0,0.0,0.0,0.0,0.0,0.0,0.0,0.0,0.0,0.0,0.0,0.0,0.0,0.0,0.0,0.0,0.0,0.0,0.0,0.0,0.0,0.0,0.0,0.0,0.0,0.0,0.0,0.0,0.0,0.0,0.0,0.0,0.0,0.0,0.0,0.0,0.0,0.0,0.0,0.0,0.0,0.0,0.0,0.0,0.0,0.0,0.0,0.0,0.0,0.0,0.0,0.0,0.0,0.0,56.68789808917197,15.286624203821658,15.286624203821658,12.738853503184714
투바투,0.0,0.0,0.0,0.0,0.0,0.0,0.0,0.0,0.0,0.0,0.0,0.0,0.0,0.0,0.0,0.0,0.0,0.0,0.0,0.0,0.0,0.0,0.0,0.0,0.0,0.00011668330505772731,0.0001400199660692728,0.03363007323938798,0.034903865986268164,0.2625238233276298,0.11607460714967618,0.07901987890684392,0.06326763272405073,0.08679098702368855,0.1310489646320845,0.05398742052845947,0.3553842869360711,0.5114209813462679,0.779778969926784,0.6679049617591861,0.6257258917025686,0.5781852237785485,0.615027977350526,1.1967564841593277,0.7116670353210867,0.8378989241760381,1.0152614373072855,1.0144349305631266,1.025912678337305,1.1237088457496882,1.751844247701699,1.5428372222387958,1.2876800049038106,1.0882371210121393,0.9795757931771305,1.3918062416155754,1.873259060779517,1.6054203129065077,2.1058847319078553,1.7293146462168028,1.5790634990157184,1.2977653319043,1.852571110792782,2.016872872644568,1.892978539334273,1.9892403212851473,1.8830604584043662,2.9163883607780896,2.1617857586392613,2.856401473647912,4.434475109292391,3.0575459890716754,2.95930059093482,3.0008184555961104,3.287289582565087,5.662288799814584,6.729437358159289,4.821128577262181,4.393357857311798,3.1253253762579583,2.8664868006484014,2.8704306963593527,2.9968045499021247,2.0727505627149627
폰팔,0.0,0.0,0.0,0.0,0.0,0.0,0.0,0.0,0.0,0.0,0.0,0.0,0.0,0.0,0.0,0.0,0.0,0.0,0.0,0.0,0.0,0.0,0.0,0.0,0.0,0.0,0.0,0.0,0.0,0.0,0.0,0.0,0.0,0.0,2.6984002065496693,1.587229265989306,2.6984002065496693,0.793614632994653,1.746007419772161,0.793614632994653,2.06342565937806,0.793614632994653,0.793614632994653,0.793614632994653,0.793614632994653,4.285767540498787,4.444545694281641,27.30238678082127,0.793614632994653,0.952392786777508,0.793614632994653,0.793614632994653,1.746007419772161,0.952392786777508,2.8571783603325245,1.746007419772161,0.793614632994653,0.793614632994653,2.3809819669437697,3.0159565141153792,0.793614632994653,1.746007419772161,1.904785573555016,0.793614632994653,0.793614632994653,0.793614632994653,0.952392786777508,1.746007419772161,0.952392786777508,1.587229265989306,2.6984002065496693,2.3809819669437697,1.746007419772161,1.587229265989306,0.793614632994653,0.952392786777508,0.793614632994653,0.793614632994653,0.793614632994653,1.746007419772161,1.746007419772161,0.952392786777508,0.793614632994653,0.952392786777508
한몫함,0.0,0.0,0.0,0.0,0.0,0.0,0.0,0.0,0.0,0.0,0.0,0.0,0.0,0.0,0.0,0.0,0.0,0.0,0.0,0.0,0.0,0.0,0.0,0.0,0.0,0.0,0.0,0.0,0.0,0.0,0.0,0.0,0.0,0.0,0.0,0.0,0.0,0.0,0.0,0.0,0.0,0.0,0.0,0.0,0.0,0.0,0.0,0.0,0.0,0.0,0.0,0.0,0.0,0.0,0.0,0.0,0.0,0.0,0.0,0.0,0.0,0.0,0.0,0.0,0.0,0.0,0.0,0.0,0.0,0.0,0.0,0.0,0.0,0.0,0.0,0.0,12.195018458013324,12.195018458013324,12.195018458013324,12.195018458013324,12.195018458013324,12.195018458013324,14.634870793906735,12.195018458013324
항마략,0.0,0.0,0.0,0.0,0.0,0.0,0.0,0.0,0.0,0.0,0.0,0.0,0.0,0.0,0.0,0.0,0.0,0.0,0.0,0.0,0.0,0.0,0.0,0.0,0.0,0.0,0.0,0.0,0.0,0.0,0.0,0.0,0.0,0.0,0.0,0.0,0.0,0.0,0.0,0.0,0.0,0.0,0.0,0.0,0.0,0.0,0.0,1.0135159954216932,2.8715796773733797,1.0135159954216932,2.8715796773733797,0.8445476865299932,1.0135159954216932,1.0135159954216932,1.0135159954216932,0.8445476865299932,1.0135159954216932,0.8445476865299932,1.8580636819516863,1.0135159954216932,0.8445476865299932,0.8445476865299932,0.8445476865299932,2.0270319908433865,0.8445476865299932,5.405516594891867,4.054063981686773,0.8445476865299932,0.8445476865299932,4.054063981686773,4.729790288289319,3.20951629515678,2.8715796773733797,5.405516594891867,7.263580276843554,10.304275192072886,3.8850956727950727,2.0270319908433865,1.6890953730599865,2.1958533707708328,7.263580276843554,3.04054798626508,1.8580636819516863,6.41903259031356
후신지민,0.0,0.0,0.0,0.0,0.0,0.0,0.0,0.0,0.0,0.0,0.0,0.0,0.0,0.0,0.0,0.0,0.0,0.0,0.0,0.0,0.0,0.0,0.0,0.0,0.0,0.0,0.0,0.0,0.0,0.0,0.0,0.0,0.0,0.0,0.0,0.0,0.0,0.0,0.0,0.0,0.0,0.0,0.0,0.0,0.0,0.0,0.0,0.0,0.0,0.0,0.0,0.0,0.0,0.0,0.0,0.0,0.0,0.0,0.0,0.0,0.0,0.0,0.0,0.0,0.0,0.0,0.0,0.0,0.0,0.0,0.0,0.0,0.0,0.0,0.0,0.0,0.0,0.0,0.0,0.0,0.5341226633262671,1.5628011177490846,11.869433623324065,86.0336425956006
